YEAR/MONTH;H_VIAXEIROS;H_NOITES;H_ESTAD_MEDIA;TR_VIAXEIROS;TR_NOITES;TR_ESTAD_MEDIA;DE_ONDE;PROVINCIA
2017/Xaneiro;158634;282884;1,8;4494;7865;1,8;Todas as procedencias;GALICIA
2017/Febreiro;179698;310984;1,7;5504;8834;1,6;Todas as procedencias;GALICIA
2017/Marzo;222560;410421;1,8;7661;11589;1,5;Todas as procedencias;GALICIA
2017/Abril;377253;694042;1,8;20016;38374;1,9;Todas as procedencias;GALICIA
2017/Maio;399010;683429;1,7;18083;28002;1,6;Todas as procedencias;GALICIA
2017/Xu–o;466957;868876;1,9;22633;38842;1,7;Todas as procedencias;GALICIA
2017/Xullo;588140;1267165;2,2;31851;76076;2,4;Todas as procedencias;GALICIA
2017/Agosto;705408;1615964;2,3;41654;119170;2,9;Todas as procedencias;GALICIA
2017/Setembro;527839;1014086;1,9;27646;51345;1,9;Todas as procedencias;GALICIA
2017/Outubro;428851;810141;1,9;18777;33456;1,8;Todas as procedencias;GALICIA
2017/Novembro;239172;466701;2;8745;14563;1,7;Todas as procedencias;GALICIA
2017/Decembro;202132;383233;1,9;9455;20924;2,2;Todas as procedencias;GALICIA
2018/Xaneiro;164009;303264;1,9;4542;7288;1,6;Todas as procedencias;GALICIA
2018/Febreiro;181676;326011;1,8;6200;10602;1,9;Todas as procedencias;GALICIA
2018/Marzo;267366;494182;1,9;12295;23105;1,7;Todas as procedencias;GALICIA
2018/Abril;302710;580378;1,9;12921;20989;1,6;Todas as procedencias;GALICIA
2018/Maio;382717;680504;1,8;20861;30907;1,5;Todas as procedencias;GALICIA
2018/Xu–o;426307;813193;1,9;23521;37725;1,6;Todas as procedencias;GALICIA
2018/Xullo;508165;1149410;2,3;27771;60792;2,2;Todas as procedencias;GALICIA
2018/Agosto;638335;1500958;2,4;41313;109451;2,7;Todas as procedencias;GALICIA
2018/Setembro;491917;972150;2;29476;49463;1,7;Todas as procedencias;GALICIA
2018/Outubro;384469;759622;2;20926;33379;1,6;Todas as procedencias;GALICIA
2018/Novembro;237145;500036;2,1;10054;16856;1,7;Todas as procedencias;GALICIA
2018/Decembro;221861;414244;1,9;9407;17555;1,9;Todas as procedencias;GALICIA
2019/Xaneiro;165838;310111;1,9;4525;7996;1,8;Todas as procedencias;GALICIA
2019/Febreiro;182276;336183;1,8;5910;9985;1,7;Todas as procedencias;GALICIA
2019/Marzo;236030;459639;2;8268;13728;1,7;Todas as procedencias;GALICIA
2019/Abril;361936;685300;1,9;19567;34363;1,8;Todas as procedencias;GALICIA
2019/Maio;425307;765901;1,8;23436;35974;1,5;Todas as procedencias;GALICIA
2019/Xu–o;458837;869655;1,9;26757;40696;1,5;Todas as procedencias;GALICIA
2019/Xullo;538734;1218281;2,3;29363;67151;2,3;Todas as procedencias;GALICIA
2019/Agosto;660807;1561585;2,4;44079;112514;2,6;Todas as procedencias;GALICIA
2019/Setembro;528165;1035296;2;28968;46391;1,6;Todas as procedencias;GALICIA
2019/Outubro;414582;790546;1,9;18792;27544;1,5;Todas as procedencias;GALICIA
2019/Novembro;241546;500431;2,1;8648;13565;1,6;Todas as procedencias;GALICIA
2019/Decembro;239907;460726;1,9;9043;17138;1,9;Todas as procedencias;GALICIA
2020/Xaneiro;180317;339884;1,9;4038;6073;1,5;Todas as procedencias;GALICIA
2020/Febreiro;206955;389964;1,9;5426;8218;1,5;Todas as procedencias;GALICIA
2020/Marzo;89509;181298;2;1379;2092;1,5;Todas as procedencias;GALICIA
2020/Abril;0;0;0;..;..;..;Todas as procedencias;GALICIA
2020/Maio;5047;18199;3,6;160;217;1,4;Todas as procedencias;GALICIA
2020/Xu–o;56948;116471;2,1;3633;7608;2,1;Todas as procedencias;GALICIA
2020/Xullo;264759;608700;2,3;15475;42756;2,8;Todas as procedencias;GALICIA
2020/Agosto;396344;919074;2,3;28090;79752;2,8;Todas as procedencias;GALICIA
2020/Setembro;211556;418692;2;11530;23042;2;Todas as procedencias;GALICIA
2020/Outubro;142293;276943;2;6144;10804;1,8;Todas as procedencias;GALICIA
2020/Novembro;53263;133067;2,5;1352;2430;1,8;Todas as procedencias;GALICIA
2020/Decembro;53096;124003;2,3;1429;2531;1,8;Todas as procedencias;GALICIA
2021/Xaneiro;43847;111342;2,5;601;1261;2,1;Todas as procedencias;GALICIA
2021/Febreiro;42639;101490;2,4;292;768;2,6;Todas as procedencias;GALICIA
2021/Marzo;87430;176822;2;3329;5365;1,6;Todas as procedencias;GALICIA
2021/Abril;100896;192632;1,9;5569;9850;1,8;Todas as procedencias;GALICIA
2021/Maio;154200;284554;1,9;8672;12695;1,5;Todas as procedencias;GALICIA
2021/Xu–o;270110;519822;1,9;11558;19723;1,7;Todas as procedencias;GALICIA
2021/Xullo;498954;1081020;2,2;27885;64165;2,3;Todas as procedencias;GALICIA
2021/Agosto;655951;1518874;2,3;41077;108044;2,6;Todas as procedencias;GALICIA
2021/Setembro;464492;933729;2;24841;44164;1,8;Todas as procedencias;GALICIA
2021/Outubro;399130;747281;1,9;19552;32171;1,7;Todas as procedencias;GALICIA
2021/Novembro;230884;435577;1,9;8475;14479;1,7;Todas as procedencias;GALICIA
2021/Decembro;202542;393769;1,9;8083;15360;1,9;Todas as procedencias;GALICIA
2022/Xaneiro;128465;240292;1,9;3243;4948;1,5;Todas as procedencias;GALICIA
2022/Febreiro;179553;322886;1,8;4598;7325;1,6;Todas as procedencias;GALICIA
2022/Marzo;216493;412388;1,9;5519;8316;1,5;Todas as procedencias;GALICIA
2022/Abril;374977;673556;1,8;18484;31395;1,7;Todas as procedencias;GALICIA
2022/Maio;441688;762353;1,7;22694;31762;1,4;Todas as procedencias;GALICIA
2022/Xu–o;481175;897856;1,9;23079;36225;1,6;Todas as procedencias;GALICIA
2022/Xullo;619047;1312810;2,1;30775;67926;2,2;Todas as procedencias;GALICIA
2022/Agosto;723384;1616642;2,2;41301;104780;2,5;Todas as procedencias;GALICIA
2022/Setembro;567441;1067517;1,9;26782;44132;1,7;Todas as procedencias;GALICIA
2022/Outubro;457925;856278;1,9;18706;28837;1,5;Todas as procedencias;GALICIA
2022/Novembro;253723;497668;2;8673;13908;1,6;Todas as procedencias;GALICIA
2022/Decembro;249612;454183;1,8;8371;16045;1,9;Todas as procedencias;GALICIA
2023/Xaneiro;176532;320564;1,8;3409;5723;1,7;Todas as procedencias;GALICIA
2023/Febreiro;196652;351459;1,8;4532;7214;1,6;Todas as procedencias;GALICIA
2023/Marzo;250877;461111;1,8;5994;9399;1,6;Todas as procedencias;GALICIA
2023/Abril;429947;762786;1,8;17777;29249;1,7;Todas as procedencias;GALICIA
2023/Maio;480542;798694;1,7;19385;26082;1,4;Todas as procedencias;GALICIA
2023/Xu–o;499444;904247;1,8;21922;35186;1,6;Todas as procedencias;GALICIA
2023/Xullo;595074;1290824;2,2;28800;63892;2,2;Todas as procedencias;GALICIA
2023/Agosto;719722;1631894;2,3;37743;102449;2,7;Todas as procedencias;GALICIA
2023/Setembro;593625;1101249;1,9;27905;44892;1,6;Todas as procedencias;GALICIA
2023/Outubro;493246;894821;1,8;18120;28155;1,6;Todas as procedencias;GALICIA
2023/Novembro;268660;506482;1,9;7030;11443;1,6;Todas as procedencias;GALICIA
2023/Decembro;277228;488607;1,8;8994;17952;2;Todas as procedencias;GALICIA
2017/Xaneiro;133806;233001;..;4106;7178;..;Residentes en Espa–a;GALICIA
2017/Febreiro;150944;259619;..;4722;7330;..;Residentes en Espa–a;GALICIA
2017/Marzo;183403;336761;..;6687;10142;..;Residentes en Espa–a;GALICIA
2017/Abril;275310;533094;..;15625;31194;..;Residentes en Espa–a;GALICIA
2017/Maio;231162;436823;..;10069;15662;..;Residentes en Espa–a;GALICIA
2017/Xu–o;294836;599923;..;14223;24864;..;Residentes en Espa–a;GALICIA
2017/Xullo;427993;992971;..;23542;57006;..;Residentes en Espa–a;GALICIA
2017/Agosto;532857;1310118;..;32464;95040;..;Residentes en Espa–a;GALICIA
2017/Setembro;324660;706877;..;17945;35247;..;Residentes en Espa–a;GALICIA
2017/Outubro;276745;581362;..;13123;24210;..;Residentes en Espa–a;GALICIA
2017/Novembro;193308;387923;..;7800;12758;..;Residentes en Espa–a;GALICIA
2017/Decembro;171455;324672;..;8857;19428;..;Residentes en Espa–a;GALICIA
2018/Xaneiro;138288;249481;..;3962;6169;..;Residentes en Espa–a;GALICIA
2018/Febreiro;151232;265015;..;5343;8972;..;Residentes en Espa–a;GALICIA
2018/Marzo;218929;406165;..;10626;20288;..;Residentes en Espa–a;GALICIA
2018/Abril;218486;430021;..;9128;15520;..;Residentes en Espa–a;GALICIA
2018/Maio;231563;447645;..;11897;18919;..;Residentes en Espa–a;GALICIA
2018/Xu–o;283272;577608;..;14982;24383;..;Residentes en Espa–a;GALICIA
2018/Xullo;377584;914963;..;19928;45155;..;Residentes en Espa–a;GALICIA
2018/Agosto;483188;1210429;..;32012;87484;..;Residentes en Espa–a;GALICIA
2018/Setembro;320345;692979;..;18060;32737;..;Residentes en Espa–a;GALICIA
2018/Outubro;263596;559412;..;12952;21943;..;Residentes en Espa–a;GALICIA
2018/Novembro;195501;402090;..;8653;14413;..;Residentes en Espa–a;GALICIA
2018/Decembro;185832;346662;..;8457;15403;..;Residentes en Espa–a;GALICIA
2019/Xaneiro;139771;252961;..;3959;7121;..;Residentes en Espa–a;GALICIA
2019/Febreiro;155544;281245;..;5328;8012;..;Residentes en Espa–a;GALICIA
2019/Marzo;189698;364653;..;7090;11326;..;Residentes en Espa–a;GALICIA
2019/Abril;250716;494636;..;13520;25230;..;Residentes en Espa–a;GALICIA
2019/Maio;257141;506098;..;12270;19041;..;Residentes en Espa–a;GALICIA
2019/Xu–o;290639;591155;..;15416;25416;..;Residentes en Espa–a;GALICIA
2019/Xullo;404302;963299;..;20847;50196;..;Residentes en Espa–a;GALICIA
2019/Agosto;504005;1269972;..;34278;92647;..;Residentes en Espa–a;GALICIA
2019/Setembro;330300;711609;..;16084;29322;..;Residentes en Espa–a;GALICIA
2019/Outubro;273113;558569;..;11482;18588;..;Residentes en Espa–a;GALICIA
2019/Novembro;197689;412580;..;7445;11908;..;Residentes en Espa–a;GALICIA
2019/Decembro;207211;392872;..;8055;15556;..;Residentes en Espa–a;GALICIA
2020/Xaneiro;151176;278203;..;3549;5439;..;Residentes en Espa–a;GALICIA
2020/Febreiro;171517;317158;..;4833;7445;..;Residentes en Espa–a;GALICIA
2020/Marzo;74065;147182;..;1151;1838;..;Residentes en Espa–a;GALICIA
2020/Abril;0;0;..;..;..;..;Residentes en Espa–a;GALICIA
2020/Maio;4606;15557;..;..;..;..;Residentes en Espa–a;GALICIA
2020/Xu–o;53914;105791;..;3585;7539;..;Residentes en Espa–a;GALICIA
2020/Xullo;239192;552098;..;14506;39973;..;Residentes en Espa–a;GALICIA
2020/Agosto;357723;837783;..;26122;75147;..;Residentes en Espa–a;GALICIA
2020/Setembro;190153;373628;..;10625;21641;..;Residentes en Espa–a;GALICIA
2020/Outubro;126936;243277;..;5923;10408;..;Residentes en Espa–a;GALICIA
2020/Novembro;47909;113769;..;..;..;..;Residentes en Espa–a;GALICIA
2020/Decembro;48740;110512;..;1414;2510;..;Residentes en Espa–a;GALICIA
2021/Xaneiro;39470;96135;..;597;1253;..;Residentes en Espa–a;GALICIA
2021/Febreiro;38927;88896;..;292;768;..;Residentes en Espa–a;GALICIA
2021/Marzo;81456;159697;..;3226;5202;..;Residentes en Espa–a;GALICIA
2021/Abril;93955;174635;..;5358;9000;..;Residentes en Espa–a;GALICIA
2021/Maio;137888;249610;..;8227;12020;..;Residentes en Espa–a;GALICIA
2021/Xu–o;229307;443180;..;10416;17962;..;Residentes en Espa–a;GALICIA
2021/Xullo;437167;965649;..;25411;59346;..;Residentes en Espa–a;GALICIA
2021/Agosto;573951;1357260;..;36573;99439;..;Residentes en Espa–a;GALICIA
2021/Setembro;365209;770473;..;19350;36763;..;Residentes en Espa–a;GALICIA
2021/Outubro;304785;598102;..;15692;26893;..;Residentes en Espa–a;GALICIA
2021/Novembro;196209;374296;..;7383;12503;..;Residentes en Espa–a;GALICIA
2021/Decembro;180211;349464;..;7460;13992;..;Residentes en Espa–a;GALICIA
2022/Xaneiro;110569;199080;..;3031;4630;..;Residentes en Espa–a;GALICIA
2022/Febreiro;154371;275492;..;4091;6551;..;Residentes en Espa–a;GALICIA
2022/Marzo;174730;333271;..;4868;7408;..;Residentes en Espa–a;GALICIA
2022/Abril;273258;512967;..;13083;24057;..;Residentes en Espa–a;GALICIA
2022/Maio;271622;507294;..;13041;19670;..;Residentes en Espa–a;GALICIA
2022/Xu–o;313712;627517;..;14840;25876;..;Residentes en Espa–a;GALICIA
2022/Xullo;468358;1047247;..;22597;52993;..;Residentes en Espa–a;GALICIA
2022/Agosto;565207;1326055;..;31228;85005;..;Residentes en Espa–a;GALICIA
2022/Setembro;366182;760424;..;16616;30885;..;Residentes en Espa–a;GALICIA
2022/Outubro;302557;603541;..;12234;20697;..;Residentes en Espa–a;GALICIA
2022/Novembro;207642;406167;..;7236;11817;..;Residentes en Espa–a;GALICIA
2022/Decembro;203186;367004;..;7647;14941;..;Residentes en Espa–a;GALICIA
2023/Xaneiro;142572;249530;..;3029;5222;..;Residentes en Espa–a;GALICIA
2023/Febreiro;160423;280657;..;4020;6264;..;Residentes en Espa–a;GALICIA
2023/Marzo;197729;363922;..;4782;7757;..;Residentes en Espa–a;GALICIA
2023/Abril;286167;542473;..;11949;21858;..;Residentes en Espa–a;GALICIA
2023/Maio;265295;484001;..;10503;15052;..;Residentes en Espa–a;GALICIA
2023/Xu–o;312371;603252;..;13235;22577;..;Residentes en Espa–a;GALICIA
2023/Xullo;441357;1012291;..;21091;50242;..;Residentes en Espa–a;GALICIA
2023/Agosto;537349;1300802;..;28335;82591;..;Residentes en Espa–a;GALICIA
2023/Setembro;350866;722410;..;16877;29815;..;Residentes en Espa–a;GALICIA
2023/Outubro;305984;603907;..;11722;19830;..;Residentes en Espa–a;GALICIA
2023/Novembro;212355;406667;..;5934;9961;..;Residentes en Espa–a;GALICIA
2023/Decembro;210621;380507;..;8143;16294;..;Residentes en Espa–a;GALICIA
2017/Xaneiro;24828;49883;..;388;687;..;Residentes no estranxeiro;GALICIA
2017/Febreiro;28754;51365;..;782;1504;..;Residentes no estranxeiro;GALICIA
2017/Marzo;39157;73660;..;974;1447;..;Residentes no estranxeiro;GALICIA
2017/Abril;101943;160948;..;4391;7180;..;Residentes no estranxeiro;GALICIA
2017/Maio;167848;246606;..;8013;12340;..;Residentes no estranxeiro;GALICIA
2017/Xu–o;172121;268953;..;8410;13978;..;Residentes no estranxeiro;GALICIA
2017/Xullo;160147;274194;..;8309;19070;..;Residentes no estranxeiro;GALICIA
2017/Agosto;172552;305846;..;9190;24130;..;Residentes no estranxeiro;GALICIA
2017/Setembro;203179;307209;..;9701;16098;..;Residentes no estranxeiro;GALICIA
2017/Outubro;152106;228779;..;5654;9246;..;Residentes no estranxeiro;GALICIA
2017/Novembro;45864;78778;..;945;1805;..;Residentes no estranxeiro;GALICIA
2017/Decembro;30677;58561;..;598;1496;..;Residentes no estranxeiro;GALICIA
2018/Xaneiro;25721;53783;..;580;1119;..;Residentes no estranxeiro;GALICIA
2018/Febreiro;30444;60996;..;857;1630;..;Residentes no estranxeiro;GALICIA
2018/Marzo;48437;88017;..;1669;2817;..;Residentes no estranxeiro;GALICIA
2018/Abril;84224;150357;..;3793;5469;..;Residentes no estranxeiro;GALICIA
2018/Maio;151154;232858;..;8964;11988;..;Residentes no estranxeiro;GALICIA
2018/Xu–o;143035;235585;..;8539;13342;..;Residentes no estranxeiro;GALICIA
2018/Xullo;130582;234447;..;7843;15637;..;Residentes no estranxeiro;GALICIA
2018/Agosto;155147;290528;..;9301;21967;..;Residentes no estranxeiro;GALICIA
2018/Setembro;171572;279172;..;11416;16726;..;Residentes no estranxeiro;GALICIA
2018/Outubro;120873;200210;..;7974;11436;..;Residentes no estranxeiro;GALICIA
2018/Novembro;41644;97946;..;1400;2443;..;Residentes no estranxeiro;GALICIA
2018/Decembro;36030;67581;..;949;2152;..;Residentes no estranxeiro;GALICIA
2019/Xaneiro;26066;57149;..;566;875;..;Residentes no estranxeiro;GALICIA
2019/Febreiro;26732;54938;..;582;1972;..;Residentes no estranxeiro;GALICIA
2019/Marzo;46332;94986;..;1178;2402;..;Residentes no estranxeiro;GALICIA
2019/Abril;111219;190664;..;6047;9133;..;Residentes no estranxeiro;GALICIA
2019/Maio;168166;259803;..;11166;16933;..;Residentes no estranxeiro;GALICIA
2019/Xu–o;168198;278500;..;11341;15280;..;Residentes no estranxeiro;GALICIA
2019/Xullo;134432;254982;..;8516;16955;..;Residentes no estranxeiro;GALICIA
2019/Agosto;156802;291613;..;9801;19867;..;Residentes no estranxeiro;GALICIA
2019/Setembro;197865;323687;..;12884;17069;..;Residentes no estranxeiro;GALICIA
2019/Outubro;141469;231977;..;7310;8956;..;Residentes no estranxeiro;GALICIA
2019/Novembro;43857;87851;..;1203;1657;..;Residentes no estranxeiro;GALICIA
2019/Decembro;32696;67854;..;988;1582;..;Residentes no estranxeiro;GALICIA
2020/Xaneiro;29141;61681;..;489;634;..;Residentes no estranxeiro;GALICIA
2020/Febreiro;35438;72806;..;593;773;..;Residentes no estranxeiro;GALICIA
2020/Marzo;15444;34117;..;228;254;..;Residentes no estranxeiro;GALICIA
2020/Abril;0;0;..;..;..;..;Residentes no estranxeiro;GALICIA
2020/Maio;441;2642;..;..;..;..;Residentes no estranxeiro;GALICIA
2020/Xu–o;3034;10680;..;48;70;..;Residentes no estranxeiro;GALICIA
2020/Xullo;25567;56601;..;970;2783;..;Residentes no estranxeiro;GALICIA
2020/Agosto;38622;81290;..;1968;4605;..;Residentes no estranxeiro;GALICIA
2020/Setembro;21403;45064;..;905;1401;..;Residentes no estranxeiro;GALICIA
2020/Outubro;15356;33667;..;221;396;..;Residentes no estranxeiro;GALICIA
2020/Novembro;5354;19298;..;..;..;..;Residentes no estranxeiro;GALICIA
2020/Decembro;4356;13491;..;15;21;..;Residentes no estranxeiro;GALICIA
2021/Xaneiro;4377;15207;..;4;8;..;Residentes no estranxeiro;GALICIA
2021/Febreiro;3713;12594;..;0;0;..;Residentes no estranxeiro;GALICIA
2021/Marzo;5974;17125;..;103;163;..;Residentes no estranxeiro;GALICIA
2021/Abril;6941;17997;..;211;850;..;Residentes no estranxeiro;GALICIA
2021/Maio;16311;34944;..;445;675;..;Residentes no estranxeiro;GALICIA
2021/Xu–o;40803;76642;..;1142;1761;..;Residentes no estranxeiro;GALICIA
2021/Xullo;61787;115371;..;2474;4819;..;Residentes no estranxeiro;GALICIA
2021/Agosto;82000;161614;..;4504;8605;..;Residentes no estranxeiro;GALICIA
2021/Setembro;99283;163256;..;5491;7401;..;Residentes no estranxeiro;GALICIA
2021/Outubro;94344;149179;..;3860;5278;..;Residentes no estranxeiro;GALICIA
2021/Novembro;34675;61280;..;1092;1976;..;Residentes no estranxeiro;GALICIA
2021/Decembro;22331;44304;..;623;1368;..;Residentes no estranxeiro;GALICIA
2022/Xaneiro;17896;41212;..;212;318;..;Residentes no estranxeiro;GALICIA
2022/Febreiro;25182;47394;..;507;773;..;Residentes no estranxeiro;GALICIA
2022/Marzo;41763;79117;..;651;909;..;Residentes no estranxeiro;GALICIA
2022/Abril;101718;160589;..;5401;7338;..;Residentes no estranxeiro;GALICIA
2022/Maio;170066;255058;..;9653;12092;..;Residentes no estranxeiro;GALICIA
2022/Xu–o;167462;270339;..;8239;10349;..;Residentes no estranxeiro;GALICIA
2022/Xullo;150689;265563;..;8178;14933;..;Residentes no estranxeiro;GALICIA
2022/Agosto;158177;290587;..;10073;19775;..;Residentes no estranxeiro;GALICIA
2022/Setembro;201259;307093;..;10165;13247;..;Residentes no estranxeiro;GALICIA
2022/Outubro;155368;252737;..;6472;8140;..;Residentes no estranxeiro;GALICIA
2022/Novembro;46081;91501;..;1437;2092;..;Residentes no estranxeiro;GALICIA
2022/Decembro;46426;87180;..;724;1104;..;Residentes no estranxeiro;GALICIA
2023/Xaneiro;33960;71033;..;380;501;..;Residentes no estranxeiro;GALICIA
2023/Febreiro;36229;70802;..;512;950;..;Residentes no estranxeiro;GALICIA
2023/Marzo;53147;97189;..;1212;1642;..;Residentes no estranxeiro;GALICIA
2023/Abril;143780;220313;..;5829;7391;..;Residentes no estranxeiro;GALICIA
2023/Maio;215247;314693;..;8882;11030;..;Residentes no estranxeiro;GALICIA
2023/Xu–o;187073;300995;..;8687;12609;..;Residentes no estranxeiro;GALICIA
2023/Xullo;153716;278534;..;7709;13649;..;Residentes no estranxeiro;GALICIA
2023/Agosto;182372;331092;..;9408;19858;..;Residentes no estranxeiro;GALICIA
2023/Setembro;242759;378839;..;11028;15076;..;Residentes no estranxeiro;GALICIA
2023/Outubro;187262;290914;..;6398;8325;..;Residentes no estranxeiro;GALICIA
2023/Novembro;56306;99815;..;1096;1482;..;Residentes no estranxeiro;GALICIA
2023/Decembro;66607;108100;..;850;1658;..;Residentes no estranxeiro;GALICIA
2017/Xaneiro;72124;124787;1,7;989;1913;1,9;Todas as procedencias;A CORU„A
2017/Febreiro;82976;141085;1,7;1637;2659;1,6;Todas as procedencias;A CORU„A
2017/Marzo;109816;191318;1,7;2379;3599;1,5;Todas as procedencias;A CORU„A
2017/Abril;174587;299796;1,7;7244;14002;1,9;Todas as procedencias;A CORU„A
2017/Maio;202239;329296;1,6;6650;9976;1,5;Todas as procedencias;A CORU„A
2017/Xu–o;220483;371387;1,7;9047;14941;1,7;Todas as procedencias;A CORU„A
2017/Xullo;247697;484396;2;10435;26660;2,6;Todas as procedencias;A CORU„A
2017/Agosto;301775;608526;2;13404;38807;2,9;Todas as procedencias;A CORU„A
2017/Setembro;241284;413860;1,7;10133;18731;1,9;Todas as procedencias;A CORU„A
2017/Outubro;203242;342841;1,7;6660;11775;1,8;Todas as procedencias;A CORU„A
2017/Novembro;116870;210713;1,8;2519;4303;1,7;Todas as procedencias;A CORU„A
2017/Decembro;89762;166420;1,9;2825;6894;2,4;Todas as procedencias;A CORU„A
2018/Xaneiro;71201;131086;1,8;901;1769;2;Todas as procedencias;A CORU„A
2018/Febreiro;81871;150342;1,8;1297;2734;2,1;Todas as procedencias;A CORU„A
2018/Marzo;115805;205217;1,8;3103;6539;2,1;Todas as procedencias;A CORU„A
2018/Abril;142912;254761;1,8;4322;7367;1,7;Todas as procedencias;A CORU„A
2018/Maio;184655;311743;1,7;7893;12011;1,5;Todas as procedencias;A CORU„A
2018/Xu–o;198079;330244;1,7;9399;14731;1,6;Todas as procedencias;A CORU„A
2018/Xullo;221010;453341;2,1;9816;21907;2,2;Todas as procedencias;A CORU„A
2018/Agosto;270636;553736;2,1;13207;34929;2,6;Todas as procedencias;A CORU„A
2018/Setembro;209761;376663;1,8;10712;18394;1,7;Todas as procedencias;A CORU„A
2018/Outubro;177631;314331;1,8;7887;12047;1,5;Todas as procedencias;A CORU„A
2018/Novembro;106627;225273;2,1;2203;3700;1,7;Todas as procedencias;A CORU„A
2018/Decembro;95694;177569;1,9;2583;4909;1,9;Todas as procedencias;A CORU„A
2019/Xaneiro;76228;141323;1,9;1016;1613;1,6;Todas as procedencias;A CORU„A
2019/Febreiro;83877;154822;1,9;1576;2436;1,6;Todas as procedencias;A CORU„A
2019/Marzo;104847;197433;1,9;2354;3386;1,4;Todas as procedencias;A CORU„A
2019/Abril;160267;290830;1,8;6253;10402;1,7;Todas as procedencias;A CORU„A
2019/Maio;201983;352588;1,8;8808;14114;1,6;Todas as procedencias;A CORU„A
2019/Xu–o;200533;355923;1,8;10789;16040;1,5;Todas as procedencias;A CORU„A
2019/Xullo;222758;464769;2,1;10282;23216;2,3;Todas as procedencias;A CORU„A
2019/Agosto;271585;572832;2,1;14563;36216;2,5;Todas as procedencias;A CORU„A
2019/Setembro;223979;406897;1,8;10448;15502;1,5;Todas as procedencias;A CORU„A
2019/Outubro;187221;349069;1,9;6331;8496;1,3;Todas as procedencias;A CORU„A
2019/Novembro;107666;214402;2;2091;2779;1,3;Todas as procedencias;A CORU„A
2019/Decembro;96529;185351;1,9;2495;4457;1,8;Todas as procedencias;A CORU„A
2020/Xaneiro;83655;165903;2;844;1125;1,3;Todas as procedencias;A CORU„A
2020/Febreiro;93929;186435;2;1285;1675;1,3;Todas as procedencias;A CORU„A
2020/Marzo;34947;73344;2,1;272;303;1,1;Todas as procedencias;A CORU„A
2020/Abril;0;0;0;..;..;..;Todas as procedencias;A CORU„A
2020/Maio;2124;5771;2,7;..;..;..;Todas as procedencias;A CORU„A
2020/Xu–o;20459;35813;1,8;727;1595;2,2;Todas as procedencias;A CORU„A
2020/Xullo;104678;221311;2,1;4606;13142;2,9;Todas as procedencias;A CORU„A
2020/Agosto;154257;315723;2,1;8012;22606;2,8;Todas as procedencias;A CORU„A
2020/Setembro;80494;146763;1,8;2413;4815;2;Todas as procedencias;A CORU„A
2020/Outubro;56591;116033;2,1;1366;2459;1,8;Todas as procedencias;A CORU„A
2020/Novembro;22415;62480;2,8;377;855;..;Todas as procedencias;A CORU„A
2020/Decembro;21765;59228;2,7;340;649;1,9;Todas as procedencias;A CORU„A
2021/Xaneiro;18294;51248;2,8;52;397;7,6;Todas as procedencias;A CORU„A
2021/Febreiro;17568;45553;2,6;52;363;6,9;Todas as procedencias;A CORU„A
2021/Marzo;34219;79200;2,3;839;1414;1,7;Todas as procedencias;A CORU„A
2021/Abril;41847;85125;2;1385;2801;2;Todas as procedencias;A CORU„A
2021/Maio;59523;118059;2;2051;2998;1,5;Todas as procedencias;A CORU„A
2021/Xu–o;111608;208557;1,9;2918;4817;1,7;Todas as procedencias;A CORU„A
2021/Xullo;213074;418693;2;8188;17789;2,2;Todas as procedencias;A CORU„A
2021/Agosto;276705;582087;2,1;12607;31556;2,5;Todas as procedencias;A CORU„A
2021/Setembro;205471;394146;1,9;8059;13029;1,6;Todas as procedencias;A CORU„A
2021/Outubro;184128;328245;1,8;6596;9426;1,4;Todas as procedencias;A CORU„A
2021/Novembro;108641;204948;1,9;1772;3382;1,9;Todas as procedencias;A CORU„A
2021/Decembro;85318;170473;2;1778;3676;2,1;Todas as procedencias;A CORU„A
2022/Xaneiro;62087;115922;1,9;898;1294;1,4;Todas as procedencias;A CORU„A
2022/Febreiro;85543;153758;1,8;1401;1942;1,4;Todas as procedencias;A CORU„A
2022/Marzo;107443;199733;1,9;1740;2367;1,4;Todas as procedencias;A CORU„A
2022/Abril;177411;307132;1,7;6231;8653;1,4;Todas as procedencias;A CORU„A
2022/Maio;217303;362619;1,7;8404;10334;1,2;Todas as procedencias;A CORU„A
2022/Xu–o;226862;398692;1,8;9022;12249;1,4;Todas as procedencias;A CORU„A
2022/Xullo;277016;537429;1,9;10097;19771;1,9;Todas as procedencias;A CORU„A
2022/Agosto;313524;635703;2;13720;28597;2,2;Todas as procedencias;A CORU„A
2022/Setembro;256661;444187;1,7;10706;14965;1,4;Todas as procedencias;A CORU„A
2022/Outubro;225864;385392;1,7;6845;8967;1,3;Todas as procedencias;A CORU„A
2022/Novembro;122063;231546;1,9;2359;3813;1,6;Todas as procedencias;A CORU„A
2022/Decembro;98031;186095;1,9;2427;3944;1,6;Todas as procedencias;A CORU„A
2023/Xaneiro;77780;149447;1,9;809;1237;1,5;Todas as procedencias;A CORU„A
2023/Febreiro;95802;173727;1,8;925;1386;1,5;Todas as procedencias;A CORU„A
2023/Marzo;123585;231308;1,9;1501;2317;1,5;Todas as procedencias;A CORU„A
2023/Abril;205981;352658;1,7;7070;9344;1,4;Todas as procedencias;A CORU„A
2023/Maio;242913;386224;1,6;9363;11637;1,2;Todas as procedencias;A CORU„A
2023/Xu–o;239511;410399;1,7;9793;14104;1,4;Todas as procedencias;A CORU„A
2023/Xullo;262814;510582;1,9;11382;22342;2;Todas as procedencias;A CORU„A
2023/Agosto;308365;634842;2,1;15302;34537;2,3;Todas as procedencias;A CORU„A
2023/Setembro;274807;454871;1,7;12575;16520;1,3;Todas as procedencias;A CORU„A
2023/Outubro;246195;407177;1,7;8102;10286;1,3;Todas as procedencias;A CORU„A
2023/Novembro;131357;235343;1,8;2461;3536;1,4;Todas as procedencias;A CORU„A
2023/Decembro;109455;196377;1,8;2166;4359;2;Todas as procedencias;A CORU„A
2017/Xaneiro;57938;96859;..;933;1806;..;Residentes en Espa–a;A CORU„A
2017/Febreiro;67416;114122;..;1320;2122;..;Residentes en Espa–a;A CORU„A
2017/Marzo;85297;147822;..;1914;2918;..;Residentes en Espa–a;A CORU„A
2017/Abril;116700;210235;..;5061;10375;..;Residentes en Espa–a;A CORU„A
2017/Maio;101490;177134;..;3421;4928;..;Residentes en Espa–a;A CORU„A
2017/Xu–o;119506;212008;..;5138;8796;..;Residentes en Espa–a;A CORU„A
2017/Xullo;163228;339292;..;6689;18161;..;Residentes en Espa–a;A CORU„A
2017/Agosto;209762;453863;..;9400;28987;..;Residentes en Espa–a;A CORU„A
2017/Setembro;126760;239832;..;6070;11774;..;Residentes en Espa–a;A CORU„A
2017/Outubro;108220;200488;..;4257;7925;..;Residentes en Espa–a;A CORU„A
2017/Novembro;86570;160019;..;2074;3621;..;Residentes en Espa–a;A CORU„A
2017/Decembro;73827;136098;..;2566;6196;..;Residentes en Espa–a;A CORU„A
2018/Xaneiro;57188;101197;..;630;1265;..;Residentes en Espa–a;A CORU„A
2018/Febreiro;65662;117828;..;927;2101;..;Residentes en Espa–a;A CORU„A
2018/Marzo;89761;159821;..;2479;5537;..;Residentes en Espa–a;A CORU„A
2018/Abril;94942;168387;..;2412;4569;..;Residentes en Espa–a;A CORU„A
2018/Maio;96543;170188;..;3737;6231;..;Residentes en Espa–a;A CORU„A
2018/Xu–o;116477;197600;..;4904;7745;..;Residentes en Espa–a;A CORU„A
2018/Xullo;153479;331941;..;5954;14165;..;Residentes en Espa–a;A CORU„A
2018/Agosto;187362;409023;..;9025;24586;..;Residentes en Espa–a;A CORU„A
2018/Setembro;122425;232065;..;5054;9883;..;Residentes en Espa–a;A CORU„A
2018/Outubro;106921;198879;..;3365;5821;..;Residentes en Espa–a;A CORU„A
2018/Novembro;80528;159435;..;1592;2598;..;Residentes en Espa–a;A CORU„A
2018/Decembro;79191;145967;..;2179;3900;..;Residentes en Espa–a;A CORU„A
2019/Xaneiro;61720;111602;..;828;1258;..;Residentes en Espa–a;A CORU„A
2019/Febreiro;69370;125958;..;1281;1781;..;Residentes en Espa–a;A CORU„A
2019/Marzo;79408;145861;..;1884;2750;..;Residentes en Espa–a;A CORU„A
2019/Abril;101211;190217;..;3696;6401;..;Residentes en Espa–a;A CORU„A
2019/Maio;110184;205266;..;3750;5376;..;Residentes en Espa–a;A CORU„A
2019/Xu–o;115170;213115;..;4779;7945;..;Residentes en Espa–a;A CORU„A
2019/Xullo;156522;341356;..;6322;16158;..;Residentes en Espa–a;A CORU„A
2019/Agosto;195776;438877;..;10271;28781;..;Residentes en Espa–a;A CORU„A
2019/Setembro;127009;241831;..;5147;8580;..;Residentes en Espa–a;A CORU„A
2019/Outubro;107150;208173;..;3072;4528;..;Residentes en Espa–a;A CORU„A
2019/Novembro;81633;161816;..;1442;2020;..;Residentes en Espa–a;A CORU„A
2019/Decembro;79816;148719;..;1877;3640;..;Residentes en Espa–a;A CORU„A
2020/Xaneiro;66694;129023;..;544;797;..;Residentes en Espa–a;A CORU„A
2020/Febreiro;74172;145266;..;925;1237;..;Residentes en Espa–a;A CORU„A
2020/Marzo;27983;57765;..;191;218;..;Residentes en Espa–a;A CORU„A
2020/Abril;0;0;..;..;..;..;Residentes en Espa–a;A CORU„A
2020/Maio;1989;5158;..;..;..;..;Residentes en Espa–a;A CORU„A
2020/Xu–o;18973;32393;..;687;1540;..;Residentes en Espa–a;A CORU„A
2020/Xullo;93285;196948;..;4188;11758;..;Residentes en Espa–a;A CORU„A
2020/Agosto;137008;282290;..;7174;20543;..;Residentes en Espa–a;A CORU„A
2020/Setembro;71300;127287;..;1921;4111;..;Residentes en Espa–a;A CORU„A
2020/Outubro;49290;99197;..;1290;2336;..;Residentes en Espa–a;A CORU„A
2020/Novembro;19494;50983;..;..;..;..;Residentes en Espa–a;A CORU„A
2020/Decembro;19753;52413;..;335;644;..;Residentes en Espa–a;A CORU„A
2021/Xaneiro;16597;45653;..;52;397;..;Residentes en Espa–a;A CORU„A
2021/Febreiro;16188;40665;..;52;363;..;Residentes en Espa–a;A CORU„A
2021/Marzo;31340;70103;..;830;1402;..;Residentes en Espa–a;A CORU„A
2021/Abril;38958;75244;..;1268;2111;..;Residentes en Espa–a;A CORU„A
2021/Maio;51953;99685;..;1910;2806;..;Residentes en Espa–a;A CORU„A
2021/Xu–o;94042;176101;..;2457;4136;..;Residentes en Espa–a;A CORU„A
2021/Xullo;181981;360406;..;6938;15795;..;Residentes en Espa–a;A CORU„A
2021/Agosto;238614;510744;..;10664;27793;..;Residentes en Espa–a;A CORU„A
2021/Setembro;155066;309445;..;5686;9869;..;Residentes en Espa–a;A CORU„A
2021/Outubro;131919;244700;..;4806;7075;..;Residentes en Espa–a;A CORU„A
2021/Novembro;87886;167841;..;1461;2384;..;Residentes en Espa–a;A CORU„A
2021/Decembro;72860;145928;..;1499;2908;..;Residentes en Espa–a;A CORU„A
2022/Xaneiro;51283;92820;..;878;1269;..;Residentes en Espa–a;A CORU„A
2022/Febreiro;72223;128622;..;1133;1615;..;Residentes en Espa–a;A CORU„A
2022/Marzo;82649;153507;..;1357;1826;..;Residentes en Espa–a;A CORU„A
2022/Abril;119875;213752;..;3777;5705;..;Residentes en Espa–a;A CORU„A
2022/Maio;119893;209105;..;3542;4675;..;Residentes en Espa–a;A CORU„A
2022/Xu–o;132289;238568;..;4797;6963;..;Residentes en Espa–a;A CORU„A
2022/Xullo;194874;392691;..;6744;13112;..;Residentes en Espa–a;A CORU„A
2022/Agosto;232843;495128;..;9638;22082;..;Residentes en Espa–a;A CORU„A
2022/Setembro;150900;275605;..;5388;8450;..;Residentes en Espa–a;A CORU„A
2022/Outubro;131666;229986;..;3567;5080;..;Residentes en Espa–a;A CORU„A
2022/Novembro;94029;173188;..;1755;2733;..;Residentes en Espa–a;A CORU„A
2022/Decembro;79982;144998;..;1822;3124;..;Residentes en Espa–a;A CORU„A
2023/Xaneiro;61349;110289;..;636;1037;..;Residentes en Espa–a;A CORU„A
2023/Febreiro;75521;132942;..;737;1109;..;Residentes en Espa–a;A CORU„A
2023/Marzo;91532;169493;..;1073;1686;..;Residentes en Espa–a;A CORU„A
2023/Abril;125177;221411;..;3419;5215;..;Residentes en Espa–a;A CORU„A
2023/Maio;119727;198122;..;4251;5402;..;Residentes en Espa–a;A CORU„A
2023/Xu–o;132495;232867;..;4309;6357;..;Residentes en Espa–a;A CORU„A
2023/Xullo;180920;362216;..;6891;15458;..;Residentes en Espa–a;A CORU„A
2023/Agosto;219534;478838;..;9999;25366;..;Residentes en Espa–a;A CORU„A
2023/Setembro;145259;253778;..;5378;7856;..;Residentes en Espa–a;A CORU„A
2023/Outubro;129524;226715;..;3741;4915;..;Residentes en Espa–a;A CORU„A
2023/Novembro;97243;175670;..;1748;2624;..;Residentes en Espa–a;A CORU„A
2023/Decembro;87353;155648;..;1928;3996;..;Residentes en Espa–a;A CORU„A
2017/Xaneiro;14186;27928;..;56;107;..;Residentes no estranxeiro;A CORU„A
2017/Febreiro;15560;26963;..;317;537;..;Residentes no estranxeiro;A CORU„A
2017/Marzo;24519;43496;..;465;681;..;Residentes no estranxeiro;A CORU„A
2017/Abril;57887;89561;..;2183;3627;..;Residentes no estranxeiro;A CORU„A
2017/Maio;100749;152162;..;3229;5048;..;Residentes no estranxeiro;A CORU„A
2017/Xu–o;100977;159379;..;3909;6145;..;Residentes no estranxeiro;A CORU„A
2017/Xullo;84469;145103;..;3746;8499;..;Residentes no estranxeiro;A CORU„A
2017/Agosto;92013;154663;..;4004;9820;..;Residentes no estranxeiro;A CORU„A
2017/Setembro;114524;174028;..;4063;6957;..;Residentes no estranxeiro;A CORU„A
2017/Outubro;95022;142353;..;2403;3850;..;Residentes no estranxeiro;A CORU„A
2017/Novembro;30300;50694;..;445;682;..;Residentes no estranxeiro;A CORU„A
2017/Decembro;15935;30322;..;259;698;..;Residentes no estranxeiro;A CORU„A
2018/Xaneiro;14014;29889;..;271;504;..;Residentes no estranxeiro;A CORU„A
2018/Febreiro;16209;32514;..;370;633;..;Residentes no estranxeiro;A CORU„A
2018/Marzo;26044;45396;..;624;1002;..;Residentes no estranxeiro;A CORU„A
2018/Abril;47970;86374;..;1910;2798;..;Residentes no estranxeiro;A CORU„A
2018/Maio;88112;141556;..;4156;5780;..;Residentes no estranxeiro;A CORU„A
2018/Xu–o;81602;132645;..;4495;6986;..;Residentes no estranxeiro;A CORU„A
2018/Xullo;67530;121399;..;3862;7742;..;Residentes no estranxeiro;A CORU„A
2018/Agosto;83274;144713;..;4182;10343;..;Residentes no estranxeiro;A CORU„A
2018/Setembro;87336;144598;..;5658;8511;..;Residentes no estranxeiro;A CORU„A
2018/Outubro;70710;115452;..;4522;6226;..;Residentes no estranxeiro;A CORU„A
2018/Novembro;26098;65839;..;611;1102;..;Residentes no estranxeiro;A CORU„A
2018/Decembro;16504;31601;..;404;1009;..;Residentes no estranxeiro;A CORU„A
2019/Xaneiro;14508;29721;..;188;355;..;Residentes no estranxeiro;A CORU„A
2019/Febreiro;14507;28865;..;295;655;..;Residentes no estranxeiro;A CORU„A
2019/Marzo;25439;51573;..;470;636;..;Residentes no estranxeiro;A CORU„A
2019/Abril;59056;100613;..;2557;4001;..;Residentes no estranxeiro;A CORU„A
2019/Maio;91799;147322;..;5058;8738;..;Residentes no estranxeiro;A CORU„A
2019/Xu–o;85363;142808;..;6010;8095;..;Residentes no estranxeiro;A CORU„A
2019/Xullo;66236;123413;..;3960;7058;..;Residentes no estranxeiro;A CORU„A
2019/Agosto;75809;133955;..;4292;7435;..;Residentes no estranxeiro;A CORU„A
2019/Setembro;96970;165066;..;5301;6922;..;Residentes no estranxeiro;A CORU„A
2019/Outubro;80071;140896;..;3259;3968;..;Residentes no estranxeiro;A CORU„A
2019/Novembro;26033;52586;..;649;759;..;Residentes no estranxeiro;A CORU„A
2019/Decembro;16713;36632;..;618;817;..;Residentes no estranxeiro;A CORU„A
2020/Xaneiro;16962;36880;..;300;328;..;Residentes no estranxeiro;A CORU„A
2020/Febreiro;19758;41169;..;360;438;..;Residentes no estranxeiro;A CORU„A
2020/Marzo;6964;15579;..;81;85;..;Residentes no estranxeiro;A CORU„A
2020/Abril;0;0;..;..;..;..;Residentes no estranxeiro;A CORU„A
2020/Maio;135;613;..;..;..;..;Residentes no estranxeiro;A CORU„A
2020/Xu–o;1485;3420;..;40;55;..;Residentes no estranxeiro;A CORU„A
2020/Xullo;11394;24363;..;418;1384;..;Residentes no estranxeiro;A CORU„A
2020/Agosto;17248;33433;..;838;2063;..;Residentes no estranxeiro;A CORU„A
2020/Setembro;9193;19476;..;492;704;..;Residentes no estranxeiro;A CORU„A
2020/Outubro;7301;16836;..;76;123;..;Residentes no estranxeiro;A CORU„A
2020/Novembro;2921;11497;..;..;..;..;Residentes no estranxeiro;A CORU„A
2020/Decembro;2012;6815;..;5;5;..;Residentes no estranxeiro;A CORU„A
2021/Xaneiro;1697;5595;..;0;0;..;Residentes no estranxeiro;A CORU„A
2021/Febreiro;1380;4888;..;0;0;..;Residentes no estranxeiro;A CORU„A
2021/Marzo;2879;9096;..;9;12;..;Residentes no estranxeiro;A CORU„A
2021/Abril;2890;9881;..;117;690;..;Residentes no estranxeiro;A CORU„A
2021/Maio;7570;18374;..;141;192;..;Residentes no estranxeiro;A CORU„A
2021/Xu–o;17566;32456;..;461;681;..;Residentes no estranxeiro;A CORU„A
2021/Xullo;31093;58287;..;1250;1994;..;Residentes no estranxeiro;A CORU„A
2021/Agosto;38091;71344;..;1943;3763;..;Residentes no estranxeiro;A CORU„A
2021/Setembro;50405;84700;..;2373;3160;..;Residentes no estranxeiro;A CORU„A
2021/Outubro;52210;83545;..;1790;2351;..;Residentes no estranxeiro;A CORU„A
2021/Novembro;20755;37108;..;311;998;..;Residentes no estranxeiro;A CORU„A
2021/Decembro;12458;24545;..;279;768;..;Residentes no estranxeiro;A CORU„A
2022/Xaneiro;10804;23102;..;20;25;..;Residentes no estranxeiro;A CORU„A
2022/Febreiro;13320;25137;..;268;327;..;Residentes no estranxeiro;A CORU„A
2022/Marzo;24794;46227;..;383;541;..;Residentes no estranxeiro;A CORU„A
2022/Abril;57536;93380;..;2454;2948;..;Residentes no estranxeiro;A CORU„A
2022/Maio;97410;153514;..;4862;5659;..;Residentes no estranxeiro;A CORU„A
2022/Xu–o;94573;160124;..;4225;5286;..;Residentes no estranxeiro;A CORU„A
2022/Xullo;82142;144738;..;4498;7803;..;Residentes no estranxeiro;A CORU„A
2022/Agosto;80681;140575;..;4110;8355;..;Residentes no estranxeiro;A CORU„A
2022/Setembro;105761;168581;..;5261;6579;..;Residentes no estranxeiro;A CORU„A
2022/Outubro;94199;155406;..;3107;3870;..;Residentes no estranxeiro;A CORU„A
2022/Novembro;28034;58357;..;664;1183;..;Residentes no estranxeiro;A CORU„A
2022/Decembro;18050;41098;..;407;491;..;Residentes no estranxeiro;A CORU„A
2023/Xaneiro;16431;39157;..;126;127;..;Residentes no estranxeiro;A CORU„A
2023/Febreiro;20281;40785;..;153;226;..;Residentes no estranxeiro;A CORU„A
2023/Marzo;32053;61815;..;599;760;..;Residentes no estranxeiro;A CORU„A
2023/Abril;80804;131247;..;3386;4038;..;Residentes no estranxeiro;A CORU„A
2023/Maio;123186;188103;..;5112;6235;..;Residentes no estranxeiro;A CORU„A
2023/Xu–o;107016;177532;..;5484;7747;..;Residentes no estranxeiro;A CORU„A
2023/Xullo;81894;148366;..;4491;6884;..;Residentes no estranxeiro;A CORU„A
2023/Agosto;88831;156004;..;5303;9171;..;Residentes no estranxeiro;A CORU„A
2023/Setembro;129548;201093;..;7197;8664;..;Residentes no estranxeiro;A CORU„A
2023/Outubro;116671;180462;..;4361;5371;..;Residentes no estranxeiro;A CORU„A
2023/Novembro;34114;59672;..;713;912;..;Residentes no estranxeiro;A CORU„A
2023/Decembro;22101;40729;..;238;363;..;Residentes no estranxeiro;A CORU„A
2017/Xaneiro;18433;33146;1,8;1609;2917;1,8;Todas as procedencias;LUGO
2017/Febreiro;20695;35885;1,7;1402;2164;1,5;Todas as procedencias;LUGO
2017/Marzo;27740;49132;1,8;2260;3471;1,5;Todas as procedencias;LUGO
2017/Abril;64146;97314;1,5;5665;10514;1,9;Todas as procedencias;LUGO
2017/Maio;69330;98821;1,4;5655;8256;1,5;Todas as procedencias;LUGO
2017/Xu–o;72767;111559;1,5;5853;8711;1,5;Todas as procedencias;LUGO
2017/Xullo;91547;145122;1,6;7993;18488;2,3;Todas as procedencias;LUGO
2017/Agosto;107629;182255;1,7;12828;31172;2,4;Todas as procedencias;LUGO
2017/Setembro;85545;123511;1,4;7736;12875;1,7;Todas as procedencias;LUGO
2017/Outubro;65420;105164;1,6;5430;9619;1,8;Todas as procedencias;LUGO
2017/Novembro;28228;58242;2,1;2921;5133;1,8;Todas as procedencias;LUGO
2017/Decembro;25095;49664;2;2635;5895;2,2;Todas as procedencias;LUGO
2018/Xaneiro;20709;36437;1,8;1280;1938;1,5;Todas as procedencias;LUGO
2018/Febreiro;22784;40619;1,8;1506;2340;1,6;Todas as procedencias;LUGO
2018/Marzo;42875;71944;1,7;3703;6725;1,8;Todas as procedencias;LUGO
2018/Abril;39867;74362;1,9;3886;5826;1,5;Todas as procedencias;LUGO
2018/Maio;61663;100314;1,6;6570;9441;1,4;Todas as procedencias;LUGO
2018/Xu–o;61097;107552;1,8;6225;9108;1,5;Todas as procedencias;LUGO
2018/Xullo;66596;120293;1,8;6490;12776;2;Todas as procedencias;LUGO
2018/Agosto;87198;169233;1,9;11257;26737;2,4;Todas as procedencias;LUGO
2018/Setembro;73366;117411;1,6;9000;13681;1,5;Todas as procedencias;LUGO
2018/Outubro;53839;93963;1,8;6129;9352;1,5;Todas as procedencias;LUGO
2018/Novembro;30111;63457;2,1;3753;6422;1,7;Todas as procedencias;LUGO
2018/Decembro;27914;53371;1,9;2763;5172;1,9;Todas as procedencias;LUGO
2019/Xaneiro;20562;39233;1,9;1129;1893;1,7;Todas as procedencias;LUGO
2019/Febreiro;23173;43314;1,9;1305;2007;1,5;Todas as procedencias;LUGO
2019/Marzo;29519;57862;2;1937;3058;1,6;Todas as procedencias;LUGO
2019/Abril;55083;92795;1,7;6629;10714;1,6;Todas as procedencias;LUGO
2019/Maio;68375;104878;1,5;7604;10010;1,3;Todas as procedencias;LUGO
2019/Xu–o;70952;116044;1,6;7701;10758;1,4;Todas as procedencias;LUGO
2019/Xullo;76566;136321;1,8;7675;15271;2;Todas as procedencias;LUGO
2019/Agosto;101275;188151;1,9;12138;27901;2,3;Todas as procedencias;LUGO
2019/Setembro;82054;127261;1,6;9389;13440;1,4;Todas as procedencias;LUGO
2019/Outubro;65859;103714;1,6;6725;9559;1,4;Todas as procedencias;LUGO
2019/Novembro;28104;68242;2,4;2744;4768;1,7;Todas as procedencias;LUGO
2019/Decembro;26959;56845;2,1;1796;3496;2;Todas as procedencias;LUGO
2020/Xaneiro;20510;36915;1,8;839;1385;1,7;Todas as procedencias;LUGO
2020/Febreiro;27184;47990;1,8;976;1471;1,5;Todas as procedencias;LUGO
2020/Marzo;13818;24289;1,8;301;532;1,8;Todas as procedencias;LUGO
2020/Abril;0;0;0;..;..;..;Todas as procedencias;LUGO
2020/Maio;585;1285;2,2;..;..;..;Todas as procedencias;LUGO
2020/Xu–o;8927;16159;1,8;626;1781;2,9;Todas as procedencias;LUGO
2020/Xullo;29221;51356;1,8;3159;6853;2,2;Todas as procedencias;LUGO
2020/Agosto;56084;105461;1,9;6766;17120;2,5;Todas as procedencias;LUGO
2020/Setembro;31532;53060;1,7;3492;6538;1,9;Todas as procedencias;LUGO
2020/Outubro;24428;40557;1,7;2355;4002;1,7;Todas as procedencias;LUGO
2020/Novembro;6896;15568;2,3;413;623;..;Todas as procedencias;LUGO
2020/Decembro;6792;12735;1,9;373;761;2;Todas as procedencias;LUGO
2021/Xaneiro;5644;11654;2,1;65;133;2;Todas as procedencias;LUGO
2021/Febreiro;5092;11209;2,2;31;54;1,7;Todas as procedencias;LUGO
2021/Marzo;12847;21963;1,7;656;1234;1,9;Todas as procedencias;LUGO
2021/Abril;14586;25091;1,7;1302;2310;1,8;Todas as procedencias;LUGO
2021/Maio;26151;41596;1,6;2469;3633;1,5;Todas as procedencias;LUGO
2021/Xu–o;43258;69904;1,6;2985;4670;1,6;Todas as procedencias;LUGO
2021/Xullo;82268;135512;1,7;6853;13094;1,9;Todas as procedencias;LUGO
2021/Agosto;111031;196244;1,8;11615;27888;2,4;Todas as procedencias;LUGO
2021/Setembro;78977;122722;1,6;6762;11557;1,7;Todas as procedencias;LUGO
2021/Outubro;63333;99560;1,6;5319;9081;1,7;Todas as procedencias;LUGO
2021/Novembro;29958;50972;1,7;2201;3830;1,7;Todas as procedencias;LUGO
2021/Decembro;20448;37514;1,8;1740;3331;1,9;Todas as procedencias;LUGO
2022/Xaneiro;16206;29216;1,8;424;841;2;Todas as procedencias;LUGO
2022/Febreiro;22040;38897;1,8;590;1118;1,9;Todas as procedencias;LUGO
2022/Marzo;29502;49475;1,7;1082;1888;1,8;Todas as procedencias;LUGO
2022/Abril;58770;88645;1,5;4943;8195;1,7;Todas as procedencias;LUGO
2022/Maio;71720;99385;1,4;5452;7180;1,3;Todas as procedencias;LUGO
2022/Xu–o;73618;110995;1,5;5340;7947;1,5;Todas as procedencias;LUGO
2022/Xullo;91004;148583;1,6;8699;17703;2,2;Todas as procedencias;LUGO
2022/Agosto;108580;190988;1,8;11386;28673;2,5;Todas as procedencias;LUGO
2022/Setembro;93780;138531;1,5;6731;11935;1,7;Todas as procedencias;LUGO
2022/Outubro;67595;103685;1,5;5222;7857;1,5;Todas as procedencias;LUGO
2022/Novembro;30648;53133;1,7;2343;3529;1,6;Todas as procedencias;LUGO
2022/Decembro;24718;43356;1,8;1571;3487;2,3;Todas as procedencias;LUGO
2023/Xaneiro;20219;36160;1,8;341;764;2,1;Todas as procedencias;LUGO
2023/Febreiro;23034;40885;1,8;833;1341;1,6;Todas as procedencias;LUGO
2023/Marzo;34343;57505;1,7;1053;1772;1,7;Todas as procedencias;LUGO
2023/Abril;65688;102191;1,6;3309;6204;1,8;Todas as procedencias;LUGO
2023/Maio;76538;109585;1,4;3608;4807;1,3;Todas as procedencias;LUGO
2023/Xu–o;79746;120575;1,5;4167;7196;1,7;Todas as procedencias;LUGO
2023/Xullo;83246;144236;1,7;6149;13729;2,2;Todas as procedencias;LUGO
2023/Agosto;101454;199270;2;8571;24443;2,9;Todas as procedencias;LUGO
2023/Setembro;93714;141255;1,5;5768;10314;1,8;Todas as procedencias;LUGO
2023/Outubro;69142;110904;1,6;3885;7489;1,9;Todas as procedencias;LUGO
2023/Novembro;29696;54775;1,8;1956;3119;1,6;Todas as procedencias;LUGO
2023/Decembro;23920;46627;2;1790;3939;2,2;Todas as procedencias;LUGO
2017/Xaneiro;17153;30467;..;1453;2699;..;Residentes en Espa–a;LUGO
2017/Febreiro;19185;33240;..;1276;1977;..;Residentes en Espa–a;LUGO
2017/Marzo;25156;45445;..;2034;3099;..;Residentes en Espa–a;LUGO
2017/Abril;46124;77464;..;4595;8909;..;Residentes en Espa–a;LUGO
2017/Maio;36243;62840;..;2912;4631;..;Residentes en Espa–a;LUGO
2017/Xu–o;44039;78797;..;3579;5814;..;Residentes en Espa–a;LUGO
2017/Xullo;63572;111933;..;6217;14968;..;Residentes en Espa–a;LUGO
2017/Agosto;81071;150697;..;10498;27560;..;Residentes en Espa–a;LUGO
2017/Setembro;48923;81147;..;4845;8834;..;Residentes en Espa–a;LUGO
2017/Outubro;43042;80656;..;3877;7346;..;Residentes en Espa–a;LUGO
2017/Novembro;25133;53424;..;2684;4634;..;Residentes en Espa–a;LUGO
2017/Decembro;23311;46281;..;2542;5597;..;Residentes en Espa–a;LUGO
2018/Xaneiro;19246;33662;..;1178;1751;..;Residentes en Espa–a;LUGO
2018/Febreiro;21397;37807;..;1358;2037;..;Residentes en Espa–a;LUGO
2018/Marzo;36581;62332;..;3126;5885;..;Residentes en Espa–a;LUGO
2018/Abril;30619;61970;..;2731;4301;..;Residentes en Espa–a;LUGO
2018/Maio;36909;71625;..;3427;5659;..;Residentes en Espa–a;LUGO
2018/Xu–o;41390;83757;..;3810;6256;..;Residentes en Espa–a;LUGO
2018/Xullo;52221;101182;..;4516;9531;..;Residentes en Espa–a;LUGO
2018/Agosto;71142;146736;..;8910;23127;..;Residentes en Espa–a;LUGO
2018/Setembro;48538;87614;..;5671;9603;..;Residentes en Espa–a;LUGO
2018/Outubro;38742;74484;..;4288;6920;..;Residentes en Espa–a;LUGO
2018/Novembro;27766;58525;..;3343;5708;..;Residentes en Espa–a;LUGO
2018/Decembro;25847;49397;..;2486;4700;..;Residentes en Espa–a;LUGO
2019/Xaneiro;19120;35051;..;1010;1771;..;Residentes en Espa–a;LUGO
2019/Febreiro;21449;39011;..;1240;1900;..;Residentes en Espa–a;LUGO
2019/Marzo;25975;50100;..;1672;2722;..;Residentes en Espa–a;LUGO
2019/Abril;38959;70675;..;4382;8073;..;Residentes en Espa–a;LUGO
2019/Maio;41705;72888;..;3435;5316;..;Residentes en Espa–a;LUGO
2019/Xu–o;46066;84947;..;3979;6328;..;Residentes en Espa–a;LUGO
2019/Xullo;58132;111380;..;5304;11821;..;Residentes en Espa–a;LUGO
2019/Agosto;81828;161741;..;9294;23198;..;Residentes en Espa–a;LUGO
2019/Setembro;50935;89641;..;4135;7258;..;Residentes en Espa–a;LUGO
2019/Outubro;43525;76702;..;3754;6017;..;Residentes en Espa–a;LUGO
2019/Novembro;25895;63391;..;2370;4184;..;Residentes en Espa–a;LUGO
2019/Decembro;25213;53212;..;1618;3067;..;Residentes en Espa–a;LUGO
2020/Xaneiro;18995;33861;..;810;1325;..;Residentes en Espa–a;LUGO
2020/Febreiro;25185;43831;..;941;1389;..;Residentes en Espa–a;LUGO
2020/Marzo;12494;21934;..;266;482;..;Residentes en Espa–a;LUGO
2020/Abril;0;0;..;..;..;..;Residentes en Espa–a;LUGO
2020/Maio;505;1111;..;..;..;..;Residentes en Espa–a;LUGO
2020/Xu–o;8569;15295;..;620;1773;..;Residentes en Espa–a;LUGO
2020/Xullo;27185;48195;..;3004;6634;..;Residentes en Espa–a;LUGO
2020/Agosto;52249;99151;..;6328;16299;..;Residentes en Espa–a;LUGO
2020/Setembro;29076;48579;..;3308;6305;..;Residentes en Espa–a;LUGO
2020/Outubro;22890;37343;..;2271;3832;..;Residentes en Espa–a;LUGO
2020/Novembro;6379;13864;..;..;..;..;Residentes en Espa–a;LUGO
2020/Decembro;6377;11408;..;373;761;..;Residentes en Espa–a;LUGO
2021/Xaneiro;5173;9931;..;63;127;..;Residentes en Espa–a;LUGO
2021/Febreiro;4735;9362;..;31;54;..;Residentes en Espa–a;LUGO
2021/Marzo;12237;19878;..;631;1201;..;Residentes en Espa–a;LUGO
2021/Abril;13877;23563;..;1278;2247;..;Residentes en Espa–a;LUGO
2021/Maio;24045;38687;..;2326;3413;..;Residentes en Espa–a;LUGO
2021/Xu–o;39225;64772;..;2682;4279;..;Residentes en Espa–a;LUGO
2021/Xullo;73480;124031;..;6265;11907;..;Residentes en Espa–a;LUGO
2021/Agosto;100984;183550;..;10259;25429;..;Residentes en Espa–a;LUGO
2021/Setembro;64093;104482;..;4712;9275;..;Residentes en Espa–a;LUGO
2021/Outubro;50773;84467;..;4260;7808;..;Residentes en Espa–a;LUGO
2021/Novembro;26657;45893;..;1920;3516;..;Residentes en Espa–a;LUGO
2021/Decembro;19059;34604;..;1622;3114;..;Residentes en Espa–a;LUGO
2022/Xaneiro;15178;26543;..;395;793;..;Residentes en Espa–a;LUGO
2022/Febreiro;20387;35554;..;568;1071;..;Residentes en Espa–a;LUGO
2022/Marzo;25183;42589;..;1048;1836;..;Residentes en Espa–a;LUGO
2022/Abril;46688;73448;..;3708;6538;..;Residentes en Espa–a;LUGO
2022/Maio;46610;69719;..;3039;4524;..;Residentes en Espa–a;LUGO
2022/Xu–o;48858;81414;..;3278;5610;..;Residentes en Espa–a;LUGO
2022/Xullo;71689;123736;..;5683;13409;..;Residentes en Espa–a;LUGO
2022/Agosto;90797;167735;..;8939;23990;..;Residentes en Espa–a;LUGO
2022/Setembro;61765;99751;..;4130;8125;..;Residentes en Espa–a;LUGO
2022/Outubro;46484;79102;..;3449;5859;..;Residentes en Espa–a;LUGO
2022/Novembro;26377;46347;..;2057;3426;..;Residentes en Espa–a;LUGO
2022/Decembro;22705;39049;..;1685;3812;..;Residentes en Espa–a;LUGO
2023/Xaneiro;18271;32751;..;322;725;..;Residentes en Espa–a;LUGO
2023/Febreiro;21011;36876;..;827;1352;..;Residentes en Espa–a;LUGO
2023/Marzo;28483;49813;..;1058;1800;..;Residentes en Espa–a;LUGO
2023/Abril;47340;80306;..;3157;6127;..;Residentes en Espa–a;LUGO
2023/Maio;41312;68633;..;2284;3259;..;Residentes en Espa–a;LUGO
2023/Xu–o;48810;81279;..;3033;5508;..;Residentes en Espa–a;LUGO
2023/Xullo;64532;120390;..;4786;11125;..;Residentes en Espa–a;LUGO
2023/Agosto;81260;170659;..;6649;19721;..;Residentes en Espa–a;LUGO
2023/Setembro;56148;94156;..;4276;7995;..;Residentes en Espa–a;LUGO
2023/Outubro;45496;82512;..;3137;6404;..;Residentes en Espa–a;LUGO
2023/Novembro;24845;47489;..;1784;2857;..;Residentes en Espa–a;LUGO
2023/Decembro;21303;41140;..;1741;3779;..;Residentes en Espa–a;LUGO
2017/Xaneiro;1280;2679;..;156;218;..;Residentes no estranxeiro;LUGO
2017/Febreiro;1510;2645;..;126;187;..;Residentes no estranxeiro;LUGO
2017/Marzo;2584;3688;..;226;372;..;Residentes no estranxeiro;LUGO
2017/Abril;18022;19850;..;1070;1605;..;Residentes no estranxeiro;LUGO
2017/Maio;33087;35981;..;2743;3625;..;Residentes no estranxeiro;LUGO
2017/Xu–o;28728;32762;..;2274;2897;..;Residentes no estranxeiro;LUGO
2017/Xullo;27975;33189;..;1776;3520;..;Residentes no estranxeiro;LUGO
2017/Agosto;26558;31558;..;2330;3612;..;Residentes no estranxeiro;LUGO
2017/Setembro;36622;42364;..;2891;4041;..;Residentes no estranxeiro;LUGO
2017/Outubro;22378;24508;..;1553;2273;..;Residentes no estranxeiro;LUGO
2017/Novembro;3095;4818;..;237;499;..;Residentes no estranxeiro;LUGO
2017/Decembro;1784;3383;..;93;298;..;Residentes no estranxeiro;LUGO
2018/Xaneiro;1463;2775;..;102;187;..;Residentes no estranxeiro;LUGO
2018/Febreiro;1387;2812;..;148;303;..;Residentes no estranxeiro;LUGO
2018/Marzo;6294;9612;..;577;840;..;Residentes no estranxeiro;LUGO
2018/Abril;9247;12393;..;1155;1525;..;Residentes no estranxeiro;LUGO
2018/Maio;24753;28688;..;3143;3782;..;Residentes no estranxeiro;LUGO
2018/Xu–o;19708;23795;..;2415;2852;..;Residentes no estranxeiro;LUGO
2018/Xullo;14375;19111;..;1974;3245;..;Residentes no estranxeiro;LUGO
2018/Agosto;16056;22497;..;2347;3610;..;Residentes no estranxeiro;LUGO
2018/Setembro;24828;29797;..;3329;4078;..;Residentes no estranxeiro;LUGO
2018/Outubro;15098;19479;..;1841;2432;..;Residentes no estranxeiro;LUGO
2018/Novembro;2345;4932;..;410;714;..;Residentes no estranxeiro;LUGO
2018/Decembro;2067;3974;..;277;472;..;Residentes no estranxeiro;LUGO
2019/Xaneiro;1441;4182;..;119;122;..;Residentes no estranxeiro;LUGO
2019/Febreiro;1723;4303;..;65;107;..;Residentes no estranxeiro;LUGO
2019/Marzo;3544;7762;..;265;336;..;Residentes no estranxeiro;LUGO
2019/Abril;16125;22120;..;2247;2641;..;Residentes no estranxeiro;LUGO
2019/Maio;26670;31990;..;4169;4694;..;Residentes no estranxeiro;LUGO
2019/Xu–o;24886;31097;..;3722;4430;..;Residentes no estranxeiro;LUGO
2019/Xullo;18434;24941;..;2371;3450;..;Residentes no estranxeiro;LUGO
2019/Agosto;19447;26410;..;2844;4703;..;Residentes no estranxeiro;LUGO
2019/Setembro;31119;37620;..;5254;6182;..;Residentes no estranxeiro;LUGO
2019/Outubro;22334;27012;..;2971;3542;..;Residentes no estranxeiro;LUGO
2019/Novembro;2209;4851;..;374;584;..;Residentes no estranxeiro;LUGO
2019/Decembro;1746;3633;..;178;429;..;Residentes no estranxeiro;LUGO
2020/Xaneiro;1516;3054;..;29;60;..;Residentes no estranxeiro;LUGO
2020/Febreiro;1998;4159;..;35;82;..;Residentes no estranxeiro;LUGO
2020/Marzo;1324;2354;..;35;50;..;Residentes no estranxeiro;LUGO
2020/Abril;0;0;..;..;..;..;Residentes no estranxeiro;LUGO
2020/Maio;80;173;..;..;..;..;Residentes no estranxeiro;LUGO
2020/Xu–o;358;864;..;6;8;..;Residentes no estranxeiro;LUGO
2020/Xullo;2037;3161;..;155;219;..;Residentes no estranxeiro;LUGO
2020/Agosto;3836;6310;..;438;821;..;Residentes no estranxeiro;LUGO
2020/Setembro;2456;4481;..;184;233;..;Residentes no estranxeiro;LUGO
2020/Outubro;1538;3214;..;84;170;..;Residentes no estranxeiro;LUGO
2020/Novembro;517;1705;..;..;..;..;Residentes no estranxeiro;LUGO
2020/Decembro;414;1327;..;0;0;..;Residentes no estranxeiro;LUGO
2021/Xaneiro;472;1723;..;2;6;..;Residentes no estranxeiro;LUGO
2021/Febreiro;357;1848;..;0;0;..;Residentes no estranxeiro;LUGO
2021/Marzo;611;2084;..;25;33;..;Residentes no estranxeiro;LUGO
2021/Abril;709;1528;..;24;63;..;Residentes no estranxeiro;LUGO
2021/Maio;2105;2908;..;143;220;..;Residentes no estranxeiro;LUGO
2021/Xu–o;4033;5132;..;303;391;..;Residentes no estranxeiro;LUGO
2021/Xullo;8789;11481;..;588;1187;..;Residentes no estranxeiro;LUGO
2021/Agosto;10047;12694;..;1356;2459;..;Residentes no estranxeiro;LUGO
2021/Setembro;14884;18241;..;2050;2282;..;Residentes no estranxeiro;LUGO
2021/Outubro;12560;15093;..;1059;1273;..;Residentes no estranxeiro;LUGO
2021/Novembro;3302;5079;..;281;314;..;Residentes no estranxeiro;LUGO
2021/Decembro;1389;2910;..;118;217;..;Residentes no estranxeiro;LUGO
2022/Xaneiro;1028;2673;..;29;48;..;Residentes no estranxeiro;LUGO
2022/Febreiro;1652;3342;..;22;47;..;Residentes no estranxeiro;LUGO
2022/Marzo;4318;6886;..;34;52;..;Residentes no estranxeiro;LUGO
2022/Abril;12083;15197;..;1235;1657;..;Residentes no estranxeiro;LUGO
2022/Maio;25110;29666;..;2413;2656;..;Residentes no estranxeiro;LUGO
2022/Xu–o;24760;29581;..;2062;2337;..;Residentes no estranxeiro;LUGO
2022/Xullo;19315;24848;..;2182;3596;..;Residentes no estranxeiro;LUGO
2022/Agosto;17783;23253;..;2957;5127;..;Residentes no estranxeiro;LUGO
2022/Setembro;32015;38779;..;2515;3060;..;Residentes no estranxeiro;LUGO
2022/Outubro;21110;24583;..;1988;2259;..;Residentes no estranxeiro;LUGO
2022/Novembro;4270;6786;..;352;370;..;Residentes no estranxeiro;LUGO
2022/Decembro;2013;4306;..;61;142;..;Residentes no estranxeiro;LUGO
2023/Xaneiro;1948;3409;..;41;47;..;Residentes no estranxeiro;LUGO
2023/Febreiro;2024;4009;..;10;10;..;Residentes no estranxeiro;LUGO
2023/Marzo;5860;7692;..;92;106;..;Residentes no estranxeiro;LUGO
2023/Abril;18348;21885;..;773;1005;..;Residentes no estranxeiro;LUGO
2023/Maio;35227;40952;..;1324;1548;..;Residentes no estranxeiro;LUGO
2023/Xu–o;30936;39296;..;1134;1688;..;Residentes no estranxeiro;LUGO
2023/Xullo;18714;23846;..;1363;2604;..;Residentes no estranxeiro;LUGO
2023/Agosto;20194;28611;..;1922;4722;..;Residentes no estranxeiro;LUGO
2023/Setembro;37566;47099;..;1492;2319;..;Residentes no estranxeiro;LUGO
2023/Outubro;23645;28392;..;748;1085;..;Residentes no estranxeiro;LUGO
2023/Novembro;4852;7287;..;172;262;..;Residentes no estranxeiro;LUGO
2023/Decembro;2617;5487;..;49;160;..;Residentes no estranxeiro;LUGO
2017/Xaneiro;17459;30484;1,8;1273;1864;1,5;Todas as procedencias;OURENSE
2017/Febreiro;20032;34319;1,7;1518;2379;1,6;Todas as procedencias;OURENSE
2017/Marzo;22045;41573;1,9;1713;2527;1,5;Todas as procedencias;OURENSE
2017/Abril;28472;59886;2,1;2889;5140;1,8;Todas as procedencias;OURENSE
2017/Maio;25597;48880;1,9;1967;3393;1,7;Todas as procedencias;OURENSE
2017/Xu–o;28428;54875;1,9;2123;3450;1,6;Todas as procedencias;OURENSE
2017/Xullo;31758;62529;2;3792;6827;1,8;Todas as procedencias;OURENSE
2017/Agosto;40065;83078;2,1;5031;11102;2,2;Todas as procedencias;OURENSE
2017/Setembro;31341;64717;2,1;3037;4757;1,6;Todas as procedencias;OURENSE
2017/Outubro;28347;58491;2,1;2641;4389;1,7;Todas as procedencias;OURENSE
2017/Novembro;23240;46118;2;1797;2658;1,5;Todas as procedencias;OURENSE
2017/Decembro;20234;35555;1,8;1864;3470;1,9;Todas as procedencias;OURENSE
2018/Xaneiro;18507;29057;1,6;1621;2329;1,4;Todas as procedencias;OURENSE
2018/Febreiro;22205;37221;1,7;2464;4119;1,7;Todas as procedencias;OURENSE
2018/Marzo;29411;53738;1,8;3188;5490;1,7;Todas as procedencias;OURENSE
2018/Abril;26477;50687;1,9;2249;3863;1,7;Todas as procedencias;OURENSE
2018/Maio;28069;51618;1,8;2459;3636;1,5;Todas as procedencias;OURENSE
2018/Xu–o;28907;56579;2;2784;4476;1,6;Todas as procedencias;OURENSE
2018/Xullo;31495;61514;2;3866;7381;1,9;Todas as procedencias;OURENSE
2018/Agosto;40935;81936;2;6094;13114;2,2;Todas as procedencias;OURENSE
2018/Setembro;34740;66028;1,9;3221;5184;1,6;Todas as procedencias;OURENSE
2018/Outubro;31998;60513;1,9;2839;4737;1,7;Todas as procedencias;OURENSE
2018/Novembro;26405;50539;1,9;2367;3820;1,6;Todas as procedencias;OURENSE
2018/Decembro;22691;38828;1,7;2145;3814;1,8;Todas as procedencias;OURENSE
2019/Xaneiro;17723;30825;1,7;1487;2159;1,5;Todas as procedencias;OURENSE
2019/Febreiro;20659;36019;1,7;1755;2727;1,6;Todas as procedencias;OURENSE
2019/Marzo;28199;51213;1,8;2262;3653;1,6;Todas as procedencias;OURENSE
2019/Abril;31588;58394;1,9;2969;5790;2;Todas as procedencias;OURENSE
2019/Maio;29221;54254;1,9;2525;4242;1,7;Todas as procedencias;OURENSE
2019/Xu–o;30092;55749;1,9;2999;4898;1,6;Todas as procedencias;OURENSE
2019/Xullo;35299;66950;1,9;3788;7348;1,9;Todas as procedencias;OURENSE
2019/Agosto;45036;92197;2,1;6145;13753;2,2;Todas as procedencias;OURENSE
2019/Setembro;35969;69894;1,9;3410;6022;1,8;Todas as procedencias;OURENSE
2019/Outubro;32774;60946;1,9;2603;4194;1,6;Todas as procedencias;OURENSE
2019/Novembro;28424;56908;2;1880;2979;1,6;Todas as procedencias;OURENSE
2019/Decembro;24920;45097;1,8;1919;3295;1,7;Todas as procedencias;OURENSE
2020/Xaneiro;19617;32828;1,7;1385;2001;1,4;Todas as procedencias;OURENSE
2020/Febreiro;26351;44518;1,7;1752;2988;1,7;Todas as procedencias;OURENSE
2020/Marzo;15372;31566;2,1;405;587;1,5;Todas as procedencias;OURENSE
2020/Abril;0;0;0;..;..;..;Todas as procedencias;OURENSE
2020/Maio;892;3050;3,4;..;..;..;Todas as procedencias;OURENSE
2020/Xu–o;8299;15658;1,9;837;1247;1,5;Todas as procedencias;OURENSE
2020/Xullo;19355;38739;2;3371;7094;2,1;Todas as procedencias;OURENSE
2020/Agosto;31359;64824;2,1;5957;13795;2,3;Todas as procedencias;OURENSE
2020/Setembro;20636;38862;1,9;2667;4871;1,8;Todas as procedencias;OURENSE
2020/Outubro;12469;24693;2;1381;2619;1,9;Todas as procedencias;OURENSE
2020/Novembro;7879;15257;1,9;371;670;..;Todas as procedencias;OURENSE
2020/Decembro;9478;17841;1,9;359;539;1,5;Todas as procedencias;OURENSE
2021/Xaneiro;7266;13954;1,9;332;527;1,6;Todas as procedencias;OURENSE
2021/Febreiro;6675;13347;2;87;163;1,9;Todas as procedencias;OURENSE
2021/Marzo;12788;21495;1,7;943;1511;1,6;Todas as procedencias;OURENSE
2021/Abril;15741;27190;1,7;1630;2582;1,6;Todas as procedencias;OURENSE
2021/Maio;18306;32475;1,8;2153;3395;1,6;Todas as procedencias;OURENSE
2021/Xu–o;21416;39214;1,8;2559;4274;1,7;Todas as procedencias;OURENSE
2021/Xullo;31908;61734;1,9;5130;11449;2,2;Todas as procedencias;OURENSE
2021/Agosto;43368;86406;2;6911;16630;2,4;Todas as procedencias;OURENSE
2021/Setembro;31983;60421;1,9;4217;7748;1,8;Todas as procedencias;OURENSE
2021/Outubro;30796;58777;1,9;3709;6556;1,8;Todas as procedencias;OURENSE
2021/Novembro;22914;40164;1,8;2144;3717;1,7;Todas as procedencias;OURENSE
2021/Decembro;21012;36208;1,7;2024;3436;1,7;Todas as procedencias;OURENSE
2022/Xaneiro;14284;24325;1,7;1020;1453;1,4;Todas as procedencias;OURENSE
2022/Febreiro;21714;36608;1,7;1469;2209;1,5;Todas as procedencias;OURENSE
2022/Marzo;21550;40587;1,9;1265;1902;1,5;Todas as procedencias;OURENSE
2022/Abril;29707;56388;1,9;3096;6175;2;Todas as procedencias;OURENSE
2022/Maio;29434;58151;2;2779;4358;1,6;Todas as procedencias;OURENSE
2022/Xu–o;31665;60651;1,9;2926;4905;1,7;Todas as procedencias;OURENSE
2022/Xullo;32851;65433;2;4720;9286;2;Todas as procedencias;OURENSE
2022/Agosto;45643;94155;2,1;5717;13438;2,4;Todas as procedencias;OURENSE
2022/Setembro;34395;69572;2;3427;6520;1,9;Todas as procedencias;OURENSE
2022/Outubro;32049;66701;2,1;2952;5170;1,7;Todas as procedencias;OURENSE
2022/Novembro;24774;48934;2;1864;2782;1,5;Todas as procedencias;OURENSE
2022/Decembro;22672;40562;1,8;1691;2986;1,8;Todas as procedencias;OURENSE
2023/Xaneiro;17797;32380;1,8;1136;1706;1,4;Todas as procedencias;OURENSE
2023/Febreiro;22574;40016;1,8;1692;2641;1,5;Todas as procedencias;OURENSE
2023/Marzo;23332;42775;1,8;1627;2406;1,5;Todas as procedencias;OURENSE
2023/Abril;32563;63101;1,9;3338;6111;1,8;Todas as procedencias;OURENSE
2023/Maio;28310;58111;2,1;2297;3225;1,4;Todas as procedencias;OURENSE
2023/Xu–o;31178;61720;2;2762;4324;1,6;Todas as procedencias;OURENSE
2023/Xullo;32620;68550;2,1;4263;8317;2;Todas as procedencias;OURENSE
2023/Agosto;44065;90314;2,1;5993;12335;2,1;Todas as procedencias;OURENSE
2023/Setembro;36263;72467;2;4171;7036;1,7;Todas as procedencias;OURENSE
2023/Outubro;31903;66360;2,1;2919;4825;1,7;Todas as procedencias;OURENSE
2023/Novembro;23491;48263;2,1;1413;2133;1,5;Todas as procedencias;OURENSE
2023/Decembro;26076;44976;1,7;2099;3616;1,7;Todas as procedencias;OURENSE
2017/Xaneiro;16123;27004;..;1124;1579;..;Residentes en Espa–a;OURENSE
2017/Febreiro;18141;30178;..;1334;2049;..;Residentes en Espa–a;OURENSE
2017/Marzo;20195;36087;..;1651;2427;..;Residentes en Espa–a;OURENSE
2017/Abril;25163;52335;..;2680;4773;..;Residentes en Espa–a;OURENSE
2017/Maio;22379;42869;..;1571;2652;..;Residentes en Espa–a;OURENSE
2017/Xu–o;24524;47265;..;1822;2933;..;Residentes en Espa–a;OURENSE
2017/Xullo;28142;54578;..;3325;5809;..;Residentes en Espa–a;OURENSE
2017/Agosto;35370;73241;..;4526;10003;..;Residentes en Espa–a;OURENSE
2017/Setembro;26953;56070;..;2591;4046;..;Residentes en Espa–a;OURENSE
2017/Outubro;25301;52262;..;2391;3963;..;Residentes en Espa–a;OURENSE
2017/Novembro;21527;42409;..;1754;2600;..;Residentes en Espa–a;OURENSE
2017/Decembro;18433;31693;..;1786;3338;..;Residentes en Espa–a;OURENSE
2018/Xaneiro;16645;25873;..;1436;1969;..;Residentes en Espa–a;OURENSE
2018/Febreiro;19677;31679;..;2228;3687;..;Residentes en Espa–a;OURENSE
2018/Marzo;27344;48992;..;2945;4989;..;Residentes en Espa–a;OURENSE
2018/Abril;23238;44786;..;1992;3446;..;Residentes en Espa–a;OURENSE
2018/Maio;23998;43418;..;2193;3192;..;Residentes en Espa–a;OURENSE
2018/Xu–o;25353;49677;..;2395;3633;..;Residentes en Espa–a;OURENSE
2018/Xullo;25989;50914;..;3403;6430;..;Residentes en Espa–a;OURENSE
2018/Agosto;35014;71544;..;5468;11659;..;Residentes en Espa–a;OURENSE
2018/Setembro;28992;56772;..;2829;4442;..;Residentes en Espa–a;OURENSE
2018/Outubro;27644;52690;..;2525;4230;..;Residentes en Espa–a;OURENSE
2018/Novembro;24376;45313;..;2263;3603;..;Residentes en Espa–a;OURENSE
2018/Decembro;19594;32621;..;2057;3537;..;Residentes en Espa–a;OURENSE
2019/Xaneiro;15911;25716;..;1296;1847;..;Residentes en Espa–a;OURENSE
2019/Febreiro;18899;31071;..;1630;2535;..;Residentes en Espa–a;OURENSE
2019/Marzo;25776;44128;..;2124;3405;..;Residentes en Espa–a;OURENSE
2019/Abril;28410;51504;..;2708;5173;..;Residentes en Espa–a;OURENSE
2019/Maio;24912;45583;..;2075;3419;..;Residentes en Espa–a;OURENSE
2019/Xu–o;25377;46840;..;2504;3911;..;Residentes en Espa–a;OURENSE
2019/Xullo;31322;58729;..;3098;5743;..;Residentes en Espa–a;OURENSE
2019/Agosto;39201;80492;..;5123;11830;..;Residentes en Espa–a;OURENSE
2019/Setembro;30828;59695;..;2828;5002;..;Residentes en Espa–a;OURENSE
2019/Outubro;28890;54661;..;2387;3887;..;Residentes en Espa–a;OURENSE
2019/Novembro;25953;50976;..;1767;2770;..;Residentes en Espa–a;OURENSE
2019/Decembro;22353;38676;..;1776;3045;..;Residentes en Espa–a;OURENSE
2020/Xaneiro;17556;27739;..;1249;1789;..;Residentes en Espa–a;OURENSE
2020/Febreiro;23480;37604;..;1615;2801;..;Residentes en Espa–a;OURENSE
2020/Marzo;13581;26250;..;378;560;..;Residentes en Espa–a;OURENSE
2020/Abril;0;0;..;..;..;..;Residentes en Espa–a;OURENSE
2020/Maio;876;2969;..;..;..;..;Residentes en Espa–a;OURENSE
2020/Xu–o;8032;14548;..;837;1247;..;Residentes en Espa–a;OURENSE
2020/Xullo;18086;35776;..;3087;6212;..;Residentes en Espa–a;OURENSE
2020/Agosto;29238;60127;..;5547;12743;..;Residentes en Espa–a;OURENSE
2020/Setembro;19120;35439;..;2500;4501;..;Residentes en Espa–a;OURENSE
2020/Outubro;11576;22426;..;1341;2543;..;Residentes en Espa–a;OURENSE
2020/Novembro;7451;14576;..;..;..;..;Residentes en Espa–a;OURENSE
2020/Decembro;8972;16995;..;359;539;..;Residentes en Espa–a;OURENSE
2021/Xaneiro;6801;13201;..;332;527;..;Residentes en Espa–a;OURENSE
2021/Febreiro;6118;12598;..;87;163;..;Residentes en Espa–a;OURENSE
2021/Marzo;12148;20654;..;916;1471;..;Residentes en Espa–a;OURENSE
2021/Abril;14687;25834;..;1625;2577;..;Residentes en Espa–a;OURENSE
2021/Maio;17149;30684;..;2022;3190;..;Residentes en Espa–a;OURENSE
2021/Xu–o;19174;35992;..;2312;3880;..;Residentes en Espa–a;OURENSE
2021/Xullo;29725;57325;..;4707;10420;..;Residentes en Espa–a;OURENSE
2021/Agosto;39765;80346;..;6313;15480;..;Residentes en Espa–a;OURENSE
2021/Setembro;28985;55691;..;3698;6747;..;Residentes en Espa–a;OURENSE
2021/Outubro;27606;54396;..;3327;5892;..;Residentes en Espa–a;OURENSE
2021/Novembro;21166;37297;..;2037;3548;..;Residentes en Espa–a;OURENSE
2021/Decembro;19722;33778;..;1931;3271;..;Residentes en Espa–a;OURENSE
2022/Xaneiro;13326;22295;..;960;1361;..;Residentes en Espa–a;OURENSE
2022/Febreiro;19981;33530;..;1416;2143;..;Residentes en Espa–a;OURENSE
2022/Marzo;20122;37591;..;1187;1774;..;Residentes en Espa–a;OURENSE
2022/Abril;26880;50592;..;2702;5505;..;Residentes en Espa–a;OURENSE
2022/Maio;25904;52343;..;2298;3684;..;Residentes en Espa–a;OURENSE
2022/Xu–o;27538;54155;..;2432;4141;..;Residentes en Espa–a;OURENSE
2022/Xullo;28671;55533;..;3881;7646;..;Residentes en Espa–a;OURENSE
2022/Agosto;40206;81506;..;5036;12094;..;Residentes en Espa–a;OURENSE
2022/Setembro;29880;60385;..;3189;5982;..;Residentes en Espa–a;OURENSE
2022/Outubro;28596;59234;..;2747;4703;..;Residentes en Espa–a;OURENSE
2022/Novembro;22520;43873;..;1596;2421;..;Residentes en Espa–a;OURENSE
2022/Decembro;20757;36149;..;1557;2790;..;Residentes en Espa–a;OURENSE
2023/Xaneiro;15476;27125;..;1184;1687;..;Residentes en Espa–a;OURENSE
2023/Febreiro;19604;33295;..;1685;2393;..;Residentes en Espa–a;OURENSE
2023/Marzo;21710;39005;..;1476;2160;..;Residentes en Espa–a;OURENSE
2023/Abril;28533;55672;..;2787;5183;..;Residentes en Espa–a;OURENSE
2023/Maio;24706;50146;..;1758;2469;..;Residentes en Espa–a;OURENSE
2023/Xu–o;27081;54445;..;2250;3537;..;Residentes en Espa–a;OURENSE
2023/Xullo;29303;62122;..;3693;7260;..;Residentes en Espa–a;OURENSE
2023/Agosto;37842;78054;..;5166;10874;..;Residentes en Espa–a;OURENSE
2023/Setembro;31140;63429;..;3461;5842;..;Residentes en Espa–a;OURENSE
2023/Outubro;28263;58527;..;2347;3946;..;Residentes en Espa–a;OURENSE
2023/Novembro;21651;42866;..;1277;1934;..;Residentes en Espa–a;OURENSE
2023/Decembro;23852;40677;..;1817;3127;..;Residentes en Espa–a;OURENSE
2017/Xaneiro;1336;3480;..;149;285;..;Residentes no estranxeiro;OURENSE
2017/Febreiro;1891;4141;..;184;330;..;Residentes no estranxeiro;OURENSE
2017/Marzo;1851;5487;..;62;100;..;Residentes no estranxeiro;OURENSE
2017/Abril;3309;7551;..;209;367;..;Residentes no estranxeiro;OURENSE
2017/Maio;3218;6011;..;396;741;..;Residentes no estranxeiro;OURENSE
2017/Xu–o;3904;7610;..;301;517;..;Residentes no estranxeiro;OURENSE
2017/Xullo;3617;7951;..;467;1018;..;Residentes no estranxeiro;OURENSE
2017/Agosto;4695;9836;..;505;1099;..;Residentes no estranxeiro;OURENSE
2017/Setembro;4388;8647;..;446;711;..;Residentes no estranxeiro;OURENSE
2017/Outubro;3046;6229;..;250;426;..;Residentes no estranxeiro;OURENSE
2017/Novembro;1713;3709;..;43;58;..;Residentes no estranxeiro;OURENSE
2017/Decembro;1801;3862;..;78;132;..;Residentes no estranxeiro;OURENSE
2018/Xaneiro;1862;3184;..;185;360;..;Residentes no estranxeiro;OURENSE
2018/Febreiro;2528;5541;..;236;432;..;Residentes no estranxeiro;OURENSE
2018/Marzo;2067;4746;..;243;501;..;Residentes no estranxeiro;OURENSE
2018/Abril;3239;5901;..;257;417;..;Residentes no estranxeiro;OURENSE
2018/Maio;4070;8200;..;266;444;..;Residentes no estranxeiro;OURENSE
2018/Xu–o;3554;6902;..;389;843;..;Residentes no estranxeiro;OURENSE
2018/Xullo;5506;10600;..;463;951;..;Residentes no estranxeiro;OURENSE
2018/Agosto;5920;10392;..;626;1455;..;Residentes no estranxeiro;OURENSE
2018/Setembro;5748;9256;..;392;742;..;Residentes no estranxeiro;OURENSE
2018/Outubro;4353;7823;..;314;507;..;Residentes no estranxeiro;OURENSE
2018/Novembro;2029;5226;..;104;217;..;Residentes no estranxeiro;OURENSE
2018/Decembro;3097;6207;..;88;277;..;Residentes no estranxeiro;OURENSE
2019/Xaneiro;1812;5110;..;191;312;..;Residentes no estranxeiro;OURENSE
2019/Febreiro;1760;4948;..;125;192;..;Residentes no estranxeiro;OURENSE
2019/Marzo;2424;7085;..;138;248;..;Residentes no estranxeiro;OURENSE
2019/Abril;3178;6890;..;261;617;..;Residentes no estranxeiro;OURENSE
2019/Maio;4309;8672;..;450;823;..;Residentes no estranxeiro;OURENSE
2019/Xu–o;4715;8909;..;495;987;..;Residentes no estranxeiro;OURENSE
2019/Xullo;3977;8221;..;690;1605;..;Residentes no estranxeiro;OURENSE
2019/Agosto;5835;11705;..;1022;1923;..;Residentes no estranxeiro;OURENSE
2019/Setembro;5141;10199;..;582;1020;..;Residentes no estranxeiro;OURENSE
2019/Outubro;3884;6285;..;216;307;..;Residentes no estranxeiro;OURENSE
2019/Novembro;2471;5932;..;113;209;..;Residentes no estranxeiro;OURENSE
2019/Decembro;2567;6421;..;143;250;..;Residentes no estranxeiro;OURENSE
2020/Xaneiro;2061;5089;..;136;212;..;Residentes no estranxeiro;OURENSE
2020/Febreiro;2871;6914;..;137;187;..;Residentes no estranxeiro;OURENSE
2020/Marzo;1791;5316;..;27;27;..;Residentes no estranxeiro;OURENSE
2020/Abril;0;0;..;..;..;..;Residentes no estranxeiro;OURENSE
2020/Maio;16;81;..;..;..;..;Residentes no estranxeiro;OURENSE
2020/Xu–o;266;1110;..;0;0;..;Residentes no estranxeiro;OURENSE
2020/Xullo;1269;2963;..;284;882;..;Residentes no estranxeiro;OURENSE
2020/Agosto;2120;4696;..;410;1052;..;Residentes no estranxeiro;OURENSE
2020/Setembro;1517;3423;..;167;370;..;Residentes no estranxeiro;OURENSE
2020/Outubro;894;2267;..;40;76;..;Residentes no estranxeiro;OURENSE
2020/Novembro;428;681;..;..;..;..;Residentes no estranxeiro;OURENSE
2020/Decembro;506;846;..;0;0;..;Residentes no estranxeiro;OURENSE
2021/Xaneiro;465;753;..;0;0;..;Residentes no estranxeiro;OURENSE
2021/Febreiro;558;748;..;0;0;..;Residentes no estranxeiro;OURENSE
2021/Marzo;640;841;..;27;40;..;Residentes no estranxeiro;OURENSE
2021/Abril;1054;1356;..;5;5;..;Residentes no estranxeiro;OURENSE
2021/Maio;1158;1790;..;131;205;..;Residentes no estranxeiro;OURENSE
2021/Xu–o;2243;3221;..;247;394;..;Residentes no estranxeiro;OURENSE
2021/Xullo;2183;4410;..;423;1029;..;Residentes no estranxeiro;OURENSE
2021/Agosto;3603;6060;..;598;1150;..;Residentes no estranxeiro;OURENSE
2021/Setembro;2998;4731;..;519;1001;..;Residentes no estranxeiro;OURENSE
2021/Outubro;3191;4381;..;382;664;..;Residentes no estranxeiro;OURENSE
2021/Novembro;1749;2867;..;107;169;..;Residentes no estranxeiro;OURENSE
2021/Decembro;1290;2430;..;93;165;..;Residentes no estranxeiro;OURENSE
2022/Xaneiro;959;2030;..;60;92;..;Residentes no estranxeiro;OURENSE
2022/Febreiro;1733;3079;..;53;66;..;Residentes no estranxeiro;OURENSE
2022/Marzo;1427;2995;..;78;128;..;Residentes no estranxeiro;OURENSE
2022/Abril;2827;5796;..;394;670;..;Residentes no estranxeiro;OURENSE
2022/Maio;3530;5808;..;481;674;..;Residentes no estranxeiro;OURENSE
2022/Xu–o;4128;6496;..;494;764;..;Residentes no estranxeiro;OURENSE
2022/Xullo;4180;9900;..;592;1201;..;Residentes no estranxeiro;OURENSE
2022/Agosto;5437;12648;..;886;2054;..;Residentes no estranxeiro;OURENSE
2022/Setembro;4515;9187;..;534;896;..;Residentes no estranxeiro;OURENSE
2022/Outubro;3452;7467;..;381;605;..;Residentes no estranxeiro;OURENSE
2022/Novembro;2254;5061;..;149;185;..;Residentes no estranxeiro;OURENSE
2022/Decembro;1914;4412;..;134;196;..;Residentes no estranxeiro;OURENSE
2023/Xaneiro;2320;5255;..;152;240;..;Residentes no estranxeiro;OURENSE
2023/Febreiro;2971;6721;..;282;460;..;Residentes no estranxeiro;OURENSE
2023/Marzo;1622;3770;..;195;276;..;Residentes no estranxeiro;OURENSE
2023/Abril;4030;7428;..;517;706;..;Residentes no estranxeiro;OURENSE
2023/Maio;3605;7964;..;539;756;..;Residentes no estranxeiro;OURENSE
2023/Xu–o;4097;7275;..;512;787;..;Residentes no estranxeiro;OURENSE
2023/Xullo;3317;6429;..;570;1057;..;Residentes no estranxeiro;OURENSE
2023/Agosto;6223;12260;..;827;1461;..;Residentes no estranxeiro;OURENSE
2023/Setembro;5123;9038;..;710;1194;..;Residentes no estranxeiro;OURENSE
2023/Outubro;3641;7833;..;572;879;..;Residentes no estranxeiro;OURENSE
2023/Novembro;1840;5398;..;136;199;..;Residentes no estranxeiro;OURENSE
2023/Decembro;2224;4299;..;282;489;..;Residentes no estranxeiro;OURENSE
2017/Xaneiro;50618;94467;1,9;622;1173;1,9;Todas as procedencias;PONTEVEDRA
2017/Febreiro;55995;99695;1,8;948;1632;1,7;Todas as procedencias;PONTEVEDRA
2017/Marzo;62959;128397;2;1309;1991;1,5;Todas as procedencias;PONTEVEDRA
2017/Abril;110048;237045;2,2;4218;8718;2,1;Todas as procedencias;PONTEVEDRA
2017/Maio;101844;206432;2;3810;6378;1,7;Todas as procedencias;PONTEVEDRA
2017/Xu–o;145278;331055;2,3;5609;11739;2,1;Todas as procedencias;PONTEVEDRA
2017/Xullo;217137;575119;2,7;9630;24101;2,5;Todas as procedencias;PONTEVEDRA
2017/Agosto;255939;742105;2,9;10392;38088;3,7;Todas as procedencias;PONTEVEDRA
2017/Setembro;169669;411999;2,4;6739;14981;2,2;Todas as procedencias;PONTEVEDRA
2017/Outubro;131842;303644;2,3;4046;7673;1,9;Todas as procedencias;PONTEVEDRA
2017/Novembro;70833;151627;2,1;1509;2467;1,6;Todas as procedencias;PONTEVEDRA
2017/Decembro;67041;131594;2;2131;4665;2,2;Todas as procedencias;PONTEVEDRA
2018/Xaneiro;53592;106683;2;739;1253;1,7;Todas as procedencias;PONTEVEDRA
2018/Febreiro;54815;97830;1,8;933;1410;1,5;Todas as procedencias;PONTEVEDRA
2018/Marzo;79276;163283;2,1;2300;4352;1,9;Todas as procedencias;PONTEVEDRA
2018/Abril;93455;200568;2,2;2463;3935;1,6;Todas as procedencias;PONTEVEDRA
2018/Maio;108331;216829;2;3938;5819;1,5;Todas as procedencias;PONTEVEDRA
2018/Xu–o;138223;318817;2,3;5113;9411;1,8;Todas as procedencias;PONTEVEDRA
2018/Xullo;189064;514263;2,7;7599;18729;2,5;Todas as procedencias;PONTEVEDRA
2018/Agosto;239567;696054;2,9;10755;34671;3,2;Todas as procedencias;PONTEVEDRA
2018/Setembro;174051;412049;2,4;6544;12204;1,9;Todas as procedencias;PONTEVEDRA
2018/Outubro;121001;290816;2,4;4070;7243;1,8;Todas as procedencias;PONTEVEDRA
2018/Novembro;74003;160766;2,2;1731;2914;1,7;Todas as procedencias;PONTEVEDRA
2018/Decembro;75562;144477;1,9;1916;3659;1,9;Todas as procedencias;PONTEVEDRA
2019/Xaneiro;51325;98729;1,9;891;2331;2,6;Todas as procedencias;PONTEVEDRA
2019/Febreiro;54567;102028;1,9;1273;2815;2,2;Todas as procedencias;PONTEVEDRA
2019/Marzo;73464;153132;2,1;1716;3632;2,1;Todas as procedencias;PONTEVEDRA
2019/Abril;114997;243281;2,1;3717;7458;2;Todas as procedencias;PONTEVEDRA
2019/Maio;125728;254180;2;4498;7609;1,7;Todas as procedencias;PONTEVEDRA
2019/Xu–o;157260;341940;2,2;5268;9001;1,7;Todas as procedencias;PONTEVEDRA
2019/Xullo;204110;550240;2,7;7618;21316;2,8;Todas as procedencias;PONTEVEDRA
2019/Agosto;242912;708404;2,9;11233;34644;3,1;Todas as procedencias;PONTEVEDRA
2019/Setembro;186163;431245;2,3;5720;11427;2;Todas as procedencias;PONTEVEDRA
2019/Outubro;128728;276818;2,2;3132;5294;1,7;Todas as procedencias;PONTEVEDRA
2019/Novembro;77352;160880;2,1;1933;3039;1,6;Todas as procedencias;PONTEVEDRA
2019/Decembro;91500;173433;1,9;2833;5891;2,1;Todas as procedencias;PONTEVEDRA
2020/Xaneiro;56534;104239;1,8;970;1561;1,6;Todas as procedencias;PONTEVEDRA
2020/Febreiro;59491;111021;1,9;1413;2084;1,5;Todas as procedencias;PONTEVEDRA
2020/Marzo;25372;52100;2,1;401;669;1,7;Todas as procedencias;PONTEVEDRA
2020/Abril;0;0;0;..;..;..;Todas as procedencias;PONTEVEDRA
2020/Maio;1446;8094;5,6;..;..;1,4;Todas as procedencias;PONTEVEDRA
2020/Xu–o;19264;48842;2,5;1444;2985;2,1;Todas as procedencias;PONTEVEDRA
2020/Xullo;111504;297294;2,7;4339;15668;3,6;Todas as procedencias;PONTEVEDRA
2020/Agosto;154644;433066;2,8;7355;26230;3,6;Todas as procedencias;PONTEVEDRA
2020/Setembro;78894;180006;2,3;2958;6817;2,3;Todas as procedencias;PONTEVEDRA
2020/Outubro;48804;95659;2;1042;1724;1,7;Todas as procedencias;PONTEVEDRA
2020/Novembro;16073;39761;2,5;119;145;1,7;Todas as procedencias;PONTEVEDRA
2020/Decembro;15061;34198;2,3;356;582;1,6;Todas as procedencias;PONTEVEDRA
2021/Xaneiro;12643;34487;2,7;152;205;1,4;Todas as procedencias;PONTEVEDRA
2021/Febreiro;13303;31382;2,4;122;189;1,6;Todas as procedencias;PONTEVEDRA
2021/Marzo;27575;54165;2;890;1206;1,4;Todas as procedencias;PONTEVEDRA
2021/Abril;28722;55226;1,9;1253;2157;1,7;Todas as procedencias;PONTEVEDRA
2021/Maio;50219;92425;1,8;1999;2669;1,3;Todas as procedencias;PONTEVEDRA
2021/Xu–o;93828;202148;2,2;3097;5962;1,9;Todas as procedencias;PONTEVEDRA
2021/Xullo;171704;465081;2,7;7714;21833;2,8;Todas as procedencias;PONTEVEDRA
2021/Agosto;224848;654137;2,9;9944;31971;3,2;Todas as procedencias;PONTEVEDRA
2021/Setembro;148061;356440;2,4;5803;11831;2;Todas as procedencias;PONTEVEDRA
2021/Outubro;120871;260699;2,2;3927;7107;1,8;Todas as procedencias;PONTEVEDRA
2021/Novembro;69371;139492;2;2357;3548;1,5;Todas as procedencias;PONTEVEDRA
2021/Decembro;75764;149574;2;2541;4918;1,9;Todas as procedencias;PONTEVEDRA
2022/Xaneiro;35887;70829;2;900;1359;1,5;Todas as procedencias;PONTEVEDRA
2022/Febreiro;50256;93623;1,9;1138;2055;1,8;Todas as procedencias;PONTEVEDRA
2022/Marzo;57999;122593;2,1;1433;2160;1,5;Todas as procedencias;PONTEVEDRA
2022/Abril;109089;221392;2;4214;8372;2;Todas as procedencias;PONTEVEDRA
2022/Maio;123231;242198;2;6059;9888;1,6;Todas as procedencias;PONTEVEDRA
2022/Xu–o;149029;327517;2,2;5790;11125;1,9;Todas as procedencias;PONTEVEDRA
2022/Xullo;218175;561365;2,6;6800;21446;2,9;Todas as procedencias;PONTEVEDRA
2022/Agosto;255637;695796;2,7;9707;30202;3,2;Todas as procedencias;PONTEVEDRA
2022/Setembro;182605;415227;2,3;5910;10966;1,9;Todas as procedencias;PONTEVEDRA
2022/Outubro;132417;300500;2,3;3472;6757;1,9;Todas as procedencias;PONTEVEDRA
2022/Novembro;76238;164056;2,2;1995;3465;1,7;Todas as procedencias;PONTEVEDRA
2022/Decembro;104191;184171;1,8;2685;5353;2;Todas as procedencias;PONTEVEDRA
2023/Xaneiro;60737;102577;1,7;1040;2048;2;Todas as procedencias;PONTEVEDRA
2023/Febreiro;55242;96830;1,8;894;1778;2;Todas as procedencias;PONTEVEDRA
2023/Marzo;69616;129523;1,9;1482;2550;1,7;Todas as procedencias;PONTEVEDRA
2023/Abril;125715;244836;2;3634;6779;1,9;Todas as procedencias;PONTEVEDRA
2023/Maio;132781;244774;1,8;4116;6413;1,6;Todas as procedencias;PONTEVEDRA
2023/Xu–o;149008;311552;2,1;5201;9562;1,8;Todas as procedencias;PONTEVEDRA
2023/Xullo;216393;567456;2,6;7006;19504;2,8;Todas as procedencias;PONTEVEDRA
2023/Agosto;265838;707468;2,7;7877;31133;4;Todas as procedencias;PONTEVEDRA
2023/Setembro;188842;432655;2,3;5392;11023;2;Todas as procedencias;PONTEVEDRA
2023/Outubro;146007;310380;2,1;3214;5556;1,7;Todas as procedencias;PONTEVEDRA
2023/Novembro;84116;168100;2;1200;2654;2,2;Todas as procedencias;PONTEVEDRA
2023/Decembro;117777;200627;1,7;2938;6038;2,1;Todas as procedencias;PONTEVEDRA
2017/Xaneiro;42592;78672;..;596;1095;..;Residentes en Espa–a;PONTEVEDRA
2017/Febreiro;46202;82078;..;792;1182;..;Residentes en Espa–a;PONTEVEDRA
2017/Marzo;52755;107408;..;1087;1697;..;Residentes en Espa–a;PONTEVEDRA
2017/Abril;87323;193059;..;3288;7138;..;Residentes en Espa–a;PONTEVEDRA
2017/Maio;71050;153980;..;2164;3451;..;Residentes en Espa–a;PONTEVEDRA
2017/Xu–o;106767;261853;..;3684;7320;..;Residentes en Espa–a;PONTEVEDRA
2017/Xullo;173052;487168;..;7311;18068;..;Residentes en Espa–a;PONTEVEDRA
2017/Agosto;206653;632316;..;8041;28489;..;Residentes en Espa–a;PONTEVEDRA
2017/Setembro;122024;329829;..;4439;10592;..;Residentes en Espa–a;PONTEVEDRA
2017/Outubro;100183;247956;..;2597;4976;..;Residentes en Espa–a;PONTEVEDRA
2017/Novembro;60077;132070;..;1289;1902;..;Residentes en Espa–a;PONTEVEDRA
2017/Decembro;55885;110600;..;1963;4297;..;Residentes en Espa–a;PONTEVEDRA
2018/Xaneiro;45209;88749;..;718;1185;..;Residentes en Espa–a;PONTEVEDRA
2018/Febreiro;44496;77701;..;831;1148;..;Residentes en Espa–a;PONTEVEDRA
2018/Marzo;65243;135020;..;2075;3878;..;Residentes en Espa–a;PONTEVEDRA
2018/Abril;69686;154878;..;1993;3205;..;Residentes en Espa–a;PONTEVEDRA
2018/Maio;74112;162415;..;2539;3838;..;Residentes en Espa–a;PONTEVEDRA
2018/Xu–o;100052;246574;..;3873;6750;..;Residentes en Espa–a;PONTEVEDRA
2018/Xullo;145893;430926;..;6054;15029;..;Residentes en Espa–a;PONTEVEDRA
2018/Agosto;189670;583127;..;8609;28112;..;Residentes en Espa–a;PONTEVEDRA
2018/Setembro;120389;316528;..;4506;8809;..;Residentes en Espa–a;PONTEVEDRA
2018/Outubro;90289;233360;..;2774;4972;..;Residentes en Espa–a;PONTEVEDRA
2018/Novembro;62831;138817;..;1455;2504;..;Residentes en Espa–a;PONTEVEDRA
2018/Decembro;61200;118677;..;1736;3265;..;Residentes en Espa–a;PONTEVEDRA
2019/Xaneiro;43020;80593;..;824;2246;..;Residentes en Espa–a;PONTEVEDRA
2019/Febreiro;45825;85205;..;1177;1796;..;Residentes en Espa–a;PONTEVEDRA
2019/Marzo;58539;124565;..;1410;2450;..;Residentes en Espa–a;PONTEVEDRA
2019/Abril;82136;182240;..;2735;5584;..;Residentes en Espa–a;PONTEVEDRA
2019/Maio;80340;182361;..;3009;4931;..;Residentes en Espa–a;PONTEVEDRA
2019/Xu–o;104025;246253;..;4154;7233;..;Residentes en Espa–a;PONTEVEDRA
2019/Xullo;158326;451833;..;6122;16474;..;Residentes en Espa–a;PONTEVEDRA
2019/Agosto;187200;588862;..;9590;28838;..;Residentes en Espa–a;PONTEVEDRA
2019/Setembro;121528;320443;..;3974;8482;..;Residentes en Espa–a;PONTEVEDRA
2019/Outubro;93548;219033;..;2268;4156;..;Residentes en Espa–a;PONTEVEDRA
2019/Novembro;64208;136397;..;1866;2934;..;Residentes en Espa–a;PONTEVEDRA
2019/Decembro;79829;152264;..;2784;5805;..;Residentes en Espa–a;PONTEVEDRA
2020/Xaneiro;47932;87581;..;945;1527;..;Residentes en Espa–a;PONTEVEDRA
2020/Febreiro;48680;90457;..;1352;2018;..;Residentes en Espa–a;PONTEVEDRA
2020/Marzo;20008;41233;..;316;578;..;Residentes en Espa–a;PONTEVEDRA
2020/Abril;0;0;..;..;..;..;Residentes en Espa–a;PONTEVEDRA
2020/Maio;1236;6318;..;..;..;..;Residentes en Espa–a;PONTEVEDRA
2020/Xu–o;18340;43555;..;1442;2978;..;Residentes en Espa–a;PONTEVEDRA
2020/Xullo;100636;271180;..;4226;15369;..;Residentes en Espa–a;PONTEVEDRA
2020/Agosto;139227;396215;..;7073;25561;..;Residentes en Espa–a;PONTEVEDRA
2020/Setembro;70658;162323;..;2897;6724;..;Residentes en Espa–a;PONTEVEDRA
2020/Outubro;43180;84310;..;1021;1696;..;Residentes en Espa–a;PONTEVEDRA
2020/Novembro;14584;34346;..;..;..;..;Residentes en Espa–a;PONTEVEDRA
2020/Decembro;13637;29696;..;346;567;..;Residentes en Espa–a;PONTEVEDRA
2021/Xaneiro;10899;27351;..;150;203;..;Residentes en Espa–a;PONTEVEDRA
2021/Febreiro;11886;26272;..;122;189;..;Residentes en Espa–a;PONTEVEDRA
2021/Marzo;25730;49062;..;848;1128;..;Residentes en Espa–a;PONTEVEDRA
2021/Abril;26433;49995;..;1188;2065;..;Residentes en Espa–a;PONTEVEDRA
2021/Maio;44741;80553;..;1968;2611;..;Residentes en Espa–a;PONTEVEDRA
2021/Xu–o;76867;166315;..;2965;5667;..;Residentes en Espa–a;PONTEVEDRA
2021/Xullo;151982;423887;..;7502;21224;..;Residentes en Espa–a;PONTEVEDRA
2021/Agosto;194589;582620;..;9336;30738;..;Residentes en Espa–a;PONTEVEDRA
2021/Setembro;117065;300856;..;5254;10873;..;Residentes en Espa–a;PONTEVEDRA
2021/Outubro;94488;214539;..;3298;6118;..;Residentes en Espa–a;PONTEVEDRA
2021/Novembro;60501;123266;..;1965;3054;..;Residentes en Espa–a;PONTEVEDRA
2021/Decembro;68570;135154;..;2408;4699;..;Residentes en Espa–a;PONTEVEDRA
2022/Xaneiro;30782;57423;..;797;1206;..;Residentes en Espa–a;PONTEVEDRA
2022/Febreiro;41780;77787;..;974;1722;..;Residentes en Espa–a;PONTEVEDRA
2022/Marzo;46776;99584;..;1277;1972;..;Residentes en Espa–a;PONTEVEDRA
2022/Abril;79816;175176;..;2896;6309;..;Residentes en Espa–a;PONTEVEDRA
2022/Maio;79215;176127;..;4162;6786;..;Residentes en Espa–a;PONTEVEDRA
2022/Xu–o;105027;253380;..;4332;9163;..;Residentes en Espa–a;PONTEVEDRA
2022/Xullo;173123;475288;..;6289;18827;..;Residentes en Espa–a;PONTEVEDRA
2022/Agosto;201361;581686;..;7615;26840;..;Residentes en Espa–a;PONTEVEDRA
2022/Setembro;123636;324682;..;3909;8328;..;Residentes en Espa–a;PONTEVEDRA
2022/Outubro;95810;235220;..;2471;5055;..;Residentes en Espa–a;PONTEVEDRA
2022/Novembro;64716;142758;..;1828;3238;..;Residentes en Espa–a;PONTEVEDRA
2022/Decembro;79742;146808;..;2583;5215;..;Residentes en Espa–a;PONTEVEDRA
2023/Xaneiro;47476;79365;..;887;1773;..;Residentes en Espa–a;PONTEVEDRA
2023/Febreiro;44288;77544;..;771;1410;..;Residentes en Espa–a;PONTEVEDRA
2023/Marzo;56004;105611;..;1175;2111;..;Residentes en Espa–a;PONTEVEDRA
2023/Abril;85116;185084;..;2586;5332;..;Residentes en Espa–a;PONTEVEDRA
2023/Maio;79551;167101;..;2209;3922;..;Residentes en Espa–a;PONTEVEDRA
2023/Xu–o;103985;234661;..;3643;7175;..;Residentes en Espa–a;PONTEVEDRA
2023/Xullo;166602;467562;..;5720;16399;..;Residentes en Espa–a;PONTEVEDRA
2023/Agosto;198713;573250;..;6521;26630;..;Residentes en Espa–a;PONTEVEDRA
2023/Setembro;118319;311047;..;3763;8123;..;Residentes en Espa–a;PONTEVEDRA
2023/Outubro;102701;236152;..;2498;4566;..;Residentes en Espa–a;PONTEVEDRA
2023/Novembro;68616;140642;..;1125;2545;..;Residentes en Espa–a;PONTEVEDRA
2023/Decembro;78112;143042;..;2657;5392;..;Residentes en Espa–a;PONTEVEDRA
2017/Xaneiro;8026;15795;..;26;78;..;Residentes no estranxeiro;PONTEVEDRA
2017/Febreiro;9793;17617;..;156;450;..;Residentes no estranxeiro;PONTEVEDRA
2017/Marzo;10204;20989;..;222;294;..;Residentes no estranxeiro;PONTEVEDRA
2017/Abril;22725;43986;..;930;1580;..;Residentes no estranxeiro;PONTEVEDRA
2017/Maio;30794;52452;..;1646;2927;..;Residentes no estranxeiro;PONTEVEDRA
2017/Xu–o;38511;69202;..;1925;4419;..;Residentes no estranxeiro;PONTEVEDRA
2017/Xullo;44086;87951;..;2319;6033;..;Residentes no estranxeiro;PONTEVEDRA
2017/Agosto;49286;109789;..;2351;9599;..;Residentes no estranxeiro;PONTEVEDRA
2017/Setembro;47645;82170;..;2300;4389;..;Residentes no estranxeiro;PONTEVEDRA
2017/Outubro;31659;55688;..;1449;2697;..;Residentes no estranxeiro;PONTEVEDRA
2017/Novembro;10756;19557;..;220;565;..;Residentes no estranxeiro;PONTEVEDRA
2017/Decembro;11156;20994;..;168;368;..;Residentes no estranxeiro;PONTEVEDRA
2018/Xaneiro;8382;17934;..;21;68;..;Residentes no estranxeiro;PONTEVEDRA
2018/Febreiro;10320;20129;..;102;262;..;Residentes no estranxeiro;PONTEVEDRA
2018/Marzo;14032;28263;..;225;474;..;Residentes no estranxeiro;PONTEVEDRA
2018/Abril;23768;45690;..;470;730;..;Residentes no estranxeiro;PONTEVEDRA
2018/Maio;34219;54414;..;1399;1981;..;Residentes no estranxeiro;PONTEVEDRA
2018/Xu–o;38171;72243;..;1240;2661;..;Residentes no estranxeiro;PONTEVEDRA
2018/Xullo;43170;83337;..;1545;3700;..;Residentes no estranxeiro;PONTEVEDRA
2018/Agosto;49896;112926;..;2146;6559;..;Residentes no estranxeiro;PONTEVEDRA
2018/Setembro;53661;95521;..;2038;3395;..;Residentes no estranxeiro;PONTEVEDRA
2018/Outubro;30712;57456;..;1296;2271;..;Residentes no estranxeiro;PONTEVEDRA
2018/Novembro;11172;21950;..;276;410;..;Residentes no estranxeiro;PONTEVEDRA
2018/Decembro;14362;25799;..;180;394;..;Residentes no estranxeiro;PONTEVEDRA
2019/Xaneiro;8304;18137;..;67;85;..;Residentes no estranxeiro;PONTEVEDRA
2019/Febreiro;8741;16823;..;96;1019;..;Residentes no estranxeiro;PONTEVEDRA
2019/Marzo;14926;28567;..;306;1182;..;Residentes no estranxeiro;PONTEVEDRA
2019/Abril;32861;61041;..;982;1874;..;Residentes no estranxeiro;PONTEVEDRA
2019/Maio;45388;71819;..;1489;2678;..;Residentes no estranxeiro;PONTEVEDRA
2019/Xu–o;53235;95687;..;1114;1768;..;Residentes no estranxeiro;PONTEVEDRA
2019/Xullo;45784;98407;..;1496;4842;..;Residentes no estranxeiro;PONTEVEDRA
2019/Agosto;55712;119542;..;1643;5806;..;Residentes no estranxeiro;PONTEVEDRA
2019/Setembro;64635;110802;..;1746;2945;..;Residentes no estranxeiro;PONTEVEDRA
2019/Outubro;35180;57785;..;864;1138;..;Residentes no estranxeiro;PONTEVEDRA
2019/Novembro;13144;24483;..;67;105;..;Residentes no estranxeiro;PONTEVEDRA
2019/Decembro;11671;21169;..;49;86;..;Residentes no estranxeiro;PONTEVEDRA
2020/Xaneiro;8603;16658;..;25;34;..;Residentes no estranxeiro;PONTEVEDRA
2020/Febreiro;10811;20564;..;61;66;..;Residentes no estranxeiro;PONTEVEDRA
2020/Marzo;5364;10867;..;85;91;..;Residentes no estranxeiro;PONTEVEDRA
2020/Abril;0;0;..;..;..;..;Residentes no estranxeiro;PONTEVEDRA
2020/Maio;210;1775;..;..;..;..;Residentes no estranxeiro;PONTEVEDRA
2020/Xu–o;924;5287;..;2;7;..;Residentes no estranxeiro;PONTEVEDRA
2020/Xullo;10868;26114;..;113;299;..;Residentes no estranxeiro;PONTEVEDRA
2020/Agosto;15417;36850;..;282;669;..;Residentes no estranxeiro;PONTEVEDRA
2020/Setembro;8236;17684;..;61;93;..;Residentes no estranxeiro;PONTEVEDRA
2020/Outubro;5624;11349;..;21;28;..;Residentes no estranxeiro;PONTEVEDRA
2020/Novembro;1489;5415;..;..;..;..;Residentes no estranxeiro;PONTEVEDRA
2020/Decembro;1424;4502;..;10;15;..;Residentes no estranxeiro;PONTEVEDRA
2021/Xaneiro;1743;7136;..;2;2;..;Residentes no estranxeiro;PONTEVEDRA
2021/Febreiro;1418;5110;..;0;0;..;Residentes no estranxeiro;PONTEVEDRA
2021/Marzo;1845;5103;..;42;78;..;Residentes no estranxeiro;PONTEVEDRA
2021/Abril;2289;5232;..;65;92;..;Residentes no estranxeiro;PONTEVEDRA
2021/Maio;5479;11872;..;31;58;..;Residentes no estranxeiro;PONTEVEDRA
2021/Xu–o;16961;35833;..;132;295;..;Residentes no estranxeiro;PONTEVEDRA
2021/Xullo;19722;41194;..;212;609;..;Residentes no estranxeiro;PONTEVEDRA
2021/Agosto;30259;71517;..;608;1233;..;Residentes no estranxeiro;PONTEVEDRA
2021/Setembro;30996;55584;..;549;958;..;Residentes no estranxeiro;PONTEVEDRA
2021/Outubro;26384;46159;..;629;989;..;Residentes no estranxeiro;PONTEVEDRA
2021/Novembro;8870;16227;..;392;494;..;Residentes no estranxeiro;PONTEVEDRA
2021/Decembro;7194;14420;..;133;219;..;Residentes no estranxeiro;PONTEVEDRA
2022/Xaneiro;5105;13407;..;103;153;..;Residentes no estranxeiro;PONTEVEDRA
2022/Febreiro;8476;15836;..;164;333;..;Residentes no estranxeiro;PONTEVEDRA
2022/Marzo;11223;23009;..;156;188;..;Residentes no estranxeiro;PONTEVEDRA
2022/Abril;29273;46216;..;1318;2063;..;Residentes no estranxeiro;PONTEVEDRA
2022/Maio;44016;66071;..;1897;3102;..;Residentes no estranxeiro;PONTEVEDRA
2022/Xu–o;44002;74137;..;1458;1962;..;Residentes no estranxeiro;PONTEVEDRA
2022/Xullo;45052;86077;..;906;2334;..;Residentes no estranxeiro;PONTEVEDRA
2022/Agosto;54275;114110;..;2119;4239;..;Residentes no estranxeiro;PONTEVEDRA
2022/Setembro;58969;90545;..;1855;2713;..;Residentes no estranxeiro;PONTEVEDRA
2022/Outubro;36607;65280;..;995;1407;..;Residentes no estranxeiro;PONTEVEDRA
2022/Novembro;11522;21298;..;272;354;..;Residentes no estranxeiro;PONTEVEDRA
2022/Decembro;24449;37363;..;122;274;..;Residentes no estranxeiro;PONTEVEDRA
2023/Xaneiro;13261;23212;..;62;87;..;Residentes no estranxeiro;PONTEVEDRA
2023/Febreiro;10954;19286;..;68;253;..;Residentes no estranxeiro;PONTEVEDRA
2023/Marzo;13612;23912;..;326;499;..;Residentes no estranxeiro;PONTEVEDRA
2023/Abril;40599;59753;..;1153;1642;..;Residentes no estranxeiro;PONTEVEDRA
2023/Maio;53230;77674;..;1907;2491;..;Residentes no estranxeiro;PONTEVEDRA
2023/Xu–o;45024;76892;..;1558;2387;..;Residentes no estranxeiro;PONTEVEDRA
2023/Xullo;49791;99894;..;1286;3105;..;Residentes no estranxeiro;PONTEVEDRA
2023/Agosto;67125;134217;..;1356;4503;..;Residentes no estranxeiro;PONTEVEDRA
2023/Setembro;70522;121608;..;1629;2900;..;Residentes no estranxeiro;PONTEVEDRA
2023/Outubro;43305;74228;..;716;990;..;Residentes no estranxeiro;PONTEVEDRA
2023/Novembro;15499;27458;..;75;109;..;Residentes no estranxeiro;PONTEVEDRA
2023/Decembro;39665;57585;..;281;646;..;Residentes no estranxeiro;PONTEVEDRA