"Destinos","Indicadores","Orixe dos viaxeiros","CodTempo","Tempo","DatoN","DatoT"
"Total zona de costa","Noites","Todas",2011,"2011",5253684,"5.253.684"
"Total zona de costa","Noites","Todas",2017,"2017",6580823,"6.580.823"
"Total zona de costa","Noites","Todas",2018,"2018",6350128,"6.350.128"
"Total zona de costa","Noites","Todas",2019,"2019",6703467,"6.703.467"
"Total zona de costa","Noites","Todas",2020,"2020",3284426,"3.284.426"
"Total zona de costa","Noites","Todas",2021,"2021",5444811,"5.444.811"
"Total zona de costa","Noites","Todas",2022,"2022",7001160,"7.001.160"
"Total zona de costa","Noites","Todas",2023,"2023",7408103,"7.408.103"
"Total zona de costa","Noites","Fóra de Galicia",2011,"2011",3596386,"3.596.386"
"Total zona de costa","Noites","Fóra de Galicia",2017,"2017",4743721,"4.743.721"
"Total zona de costa","Noites","Fóra de Galicia",2018,"2018",4436484,"4.436.484"
"Total zona de costa","Noites","Fóra de Galicia",2019,"2019",4835740,"4.835.740"
"Total zona de costa","Noites","Fóra de Galicia",2020,"2020",2011129,"2.011.129"
"Total zona de costa","Noites","Fóra de Galicia",2021,"2021",3552288,"3.552.288"
"Total zona de costa","Noites","Fóra de Galicia",2022,"2022",4901823,"4.901.823"
"Total zona de costa","Noites","Fóra de Galicia",2023,"2023",5093809,"5.093.809"
"Total zona de costa","Indicador Área","Todas",2011,"2011",1047,"1.047"
"Total zona de costa","Indicador Área","Todas",2017,"2017",1312,"1.312"
"Total zona de costa","Indicador Área","Todas",2018,"2018",1266,"1.266"
"Total zona de costa","Indicador Área","Todas",2019,"2019",1336,"1.336"
"Total zona de costa","Indicador Área","Todas",2020,"2020",655,"655"
"Total zona de costa","Indicador Área","Todas",2021,"2021",1085,"1.085"
"Total zona de costa","Indicador Área","Todas",2022,"2022",1396,"1.396"
"Total zona de costa","Indicador Área","Todas",2023,"2023",1477,"1.477"
"Total zona de costa","Indicador Área","Fóra de Galicia",2011,"2011",717,"717"
"Total zona de costa","Indicador Área","Fóra de Galicia",2017,"2017",946,"946"
"Total zona de costa","Indicador Área","Fóra de Galicia",2018,"2018",884,"884"
"Total zona de costa","Indicador Área","Fóra de Galicia",2019,"2019",964,"964"
"Total zona de costa","Indicador Área","Fóra de Galicia",2020,"2020",401,"401"
"Total zona de costa","Indicador Área","Fóra de Galicia",2021,"2021",708,"708"
"Total zona de costa","Indicador Área","Fóra de Galicia",2022,"2022",977,"977"
"Total zona de costa","Indicador Área","Fóra de Galicia",2023,"2023",1016,"1.016"
"Total zona de costa","Indicador Costa","Todas",2011,"2011",2090,"2.090"
"Total zona de costa","Indicador Costa","Todas",2017,"2017",2618,"2.618"
"Total zona de costa","Indicador Costa","Todas",2018,"2018",2526,"2.526"
"Total zona de costa","Indicador Costa","Todas",2019,"2019",2666,"2.666"
"Total zona de costa","Indicador Costa","Todas",2020,"2020",1306,"1.306"
"Total zona de costa","Indicador Costa","Todas",2021,"2021",2166,"2.166"
"Total zona de costa","Indicador Costa","Todas",2022,"2022",2785,"2.785"
"Total zona de costa","Indicador Costa","Todas",2023,"2023",2947,"2.947"
"Total zona de costa","Indicador Costa","Fóra de Galicia",2011,"2011",1431,"1.431"
"Total zona de costa","Indicador Costa","Fóra de Galicia",2017,"2017",1887,"1.887"
"Total zona de costa","Indicador Costa","Fóra de Galicia",2018,"2018",1765,"1.765"
"Total zona de costa","Indicador Costa","Fóra de Galicia",2019,"2019",1924,"1.924"
"Total zona de costa","Indicador Costa","Fóra de Galicia",2020,"2020",800,"800"
"Total zona de costa","Indicador Costa","Fóra de Galicia",2021,"2021",1413,"1.413"
"Total zona de costa","Indicador Costa","Fóra de Galicia",2022,"2022",1950,"1.950"
"Total zona de costa","Indicador Costa","Fóra de Galicia",2023,"2023",2026,"2.026"
"Total zona de costa","Indicador Poboación (1)","Todas",2011,"2011",0.92,"0,92"
"Total zona de costa","Indicador Poboación (1)","Todas",2017,"2017",1.17,"1,17"
"Total zona de costa","Indicador Poboación (1)","Todas",2018,"2018",1.13,"1,13"
"Total zona de costa","Indicador Poboación (1)","Todas",2019,"2019",1.19,"1,19"
"Total zona de costa","Indicador Poboación (1)","Todas",2020,"2020",0.58,"0,58"
"Total zona de costa","Indicador Poboación (1)","Todas",2021,"2021",0.96,"0,96"
"Total zona de costa","Indicador Poboación (1)","Todas",2022,"2022",1.23,"1,23"
"Total zona de costa","Indicador Poboación (1)","Todas",2023,"2023",1.30,"1,30"
"Total zona de costa","Indicador Poboación (1)","Fóra de Galicia",2011,"2011",0.63,"0,63"
"Total zona de costa","Indicador Poboación (1)","Fóra de Galicia",2017,"2017",0.84,"0,84"
"Total zona de costa","Indicador Poboación (1)","Fóra de Galicia",2018,"2018",0.79,"0,79"
"Total zona de costa","Indicador Poboación (1)","Fóra de Galicia",2019,"2019",0.86,"0,86"
"Total zona de costa","Indicador Poboación (1)","Fóra de Galicia",2020,"2020",0.36,"0,36"
"Total zona de costa","Indicador Poboación (1)","Fóra de Galicia",2021,"2021",0.63,"0,63"
"Total zona de costa","Indicador Poboación (1)","Fóra de Galicia",2022,"2022",0.86,"0,86"
"Total zona de costa","Indicador Poboación (1)","Fóra de Galicia",2023,"2023",0.89,"0,89"
"Total zona de costa","Indicador Poboación (2)","Todas",2011,"2011",3.35,"3,35"
"Total zona de costa","Indicador Poboación (2)","Todas",2017,"2017",4.26,"4,26"
"Total zona de costa","Indicador Poboación (2)","Todas",2018,"2018",4.11,"4,11"
"Total zona de costa","Indicador Poboación (2)","Todas",2019,"2019",4.33,"4,33"
"Total zona de costa","Indicador Poboación (2)","Todas",2020,"2020",2.12,"2,12"
"Total zona de costa","Indicador Poboación (2)","Todas",2021,"2021",3.52,"3,52"
"Total zona de costa","Indicador Poboación (2)","Todas",2022,"2022",4.48,"4,48"
"Total zona de costa","Indicador Poboación (2)","Todas",2023,"2023",4.74,"4,74"
"Total zona de costa","Indicador Poboación (2)","Fóra de Galicia",2011,"2011",2.30,"2,30"
"Total zona de costa","Indicador Poboación (2)","Fóra de Galicia",2017,"2017",3.07,"3,07"
"Total zona de costa","Indicador Poboación (2)","Fóra de Galicia",2018,"2018",2.87,"2,87"
"Total zona de costa","Indicador Poboación (2)","Fóra de Galicia",2019,"2019",3.13,"3,13"
"Total zona de costa","Indicador Poboación (2)","Fóra de Galicia",2020,"2020",1.30,"1,30"
"Total zona de costa","Indicador Poboación (2)","Fóra de Galicia",2021,"2021",2.30,"2,30"
"Total zona de costa","Indicador Poboación (2)","Fóra de Galicia",2022,"2022",3.14,"3,14"
"Total zona de costa","Indicador Poboación (2)","Fóra de Galicia",2023,"2023",3.26,"3,26"
"Total zona de costa","Indicador Estacional (1)","Todas",2011,"2011",43.8,"43,8"
"Total zona de costa","Indicador Estacional (1)","Todas",2017,"2017",36.6,"36,6"
"Total zona de costa","Indicador Estacional (1)","Todas",2018,"2018",43.2,"43,2"
"Total zona de costa","Indicador Estacional (1)","Todas",2019,"2019",42.3,"42,3"
"Total zona de costa","Indicador Estacional (1)","Todas",2020,"2020",56.7,"56,7"
"Total zona de costa","Indicador Estacional (1)","Todas",2021,"2021",51.0,"51,0"
"Total zona de costa","Indicador Estacional (1)","Todas",2022,"2022",43.3,"43,3"
"Total zona de costa","Indicador Estacional (1)","Todas",2023,"2023",37.5,"37,5"
"Total zona de costa","Indicador Estacional (1)","Fóra de Galicia",2011,"2011",43.6,"43,6"
"Total zona de costa","Indicador Estacional (1)","Fóra de Galicia",2017,"2017",44.4,"44,4"
"Total zona de costa","Indicador Estacional (1)","Fóra de Galicia",2018,"2018",49.8,"49,8"
"Total zona de costa","Indicador Estacional (1)","Fóra de Galicia",2019,"2019",41.9,"41,9"
"Total zona de costa","Indicador Estacional (1)","Fóra de Galicia",2020,"2020",57.6,"57,6"
"Total zona de costa","Indicador Estacional (1)","Fóra de Galicia",2021,"2021",53.9,"53,9"
"Total zona de costa","Indicador Estacional (1)","Fóra de Galicia",2022,"2022",42.6,"42,6"
"Total zona de costa","Indicador Estacional (1)","Fóra de Galicia",2023,"2023",43.0,"43,0"
"Total zona de costa","Indicador Estacional (2)","Todas",2011,"2011",,"-"
"Total zona de costa","Indicador Estacional (2)","Todas",2017,"2017",-9.0,"-9,0"
"Total zona de costa","Indicador Estacional (2)","Todas",2018,"2018",10.0,"10,0"
"Total zona de costa","Indicador Estacional (2)","Todas",2019,"2019",-0.3,"-0,3"
"Total zona de costa","Indicador Estacional (2)","Todas",2020,"2020",-0.4,"-0,4"
"Total zona de costa","Indicador Estacional (2)","Todas",2021,"2021",-5.7,"-5,7"
"Total zona de costa","Indicador Estacional (2)","Todas",2022,"2022",-7.7,"-7,7"
"Total zona de costa","Indicador Estacional (2)","Todas",2023,"2023",-13.5,"-13,5"
"Total zona de costa","Indicador Estacional (2)","Fóra de Galicia",2011,"2011",,"-"
"Total zona de costa","Indicador Estacional (2)","Fóra de Galicia",2017,"2017",-0.9,"-0,9"
"Total zona de costa","Indicador Estacional (2)","Fóra de Galicia",2018,"2018",5.9,"5,9"
"Total zona de costa","Indicador Estacional (2)","Fóra de Galicia",2019,"2019",32.5,"32,5"
"Total zona de costa","Indicador Estacional (2)","Fóra de Galicia",2020,"2020",-3.3,"-3,3"
"Total zona de costa","Indicador Estacional (2)","Fóra de Galicia",2021,"2021",54.3,"54,3"
"Total zona de costa","Indicador Estacional (2)","Fóra de Galicia",2022,"2022",48.3,"48,3"
"Total zona de costa","Indicador Estacional (2)","Fóra de Galicia",2023,"2023",48.7,"48,7"
"A Coruña e As Mariñas","Noites","Todas",2011,"2011",1143891,"1.143.891"
"A Coruña e As Mariñas","Noites","Todas",2017,"2017",1355554,"1.355.554"
"A Coruña e As Mariñas","Noites","Todas",2018,"2018",1334617,"1.334.617"
"A Coruña e As Mariñas","Noites","Todas",2019,"2019",1451051,"1.451.051"
"A Coruña e As Mariñas","Noites","Todas",2020,"2020",644956,"644.956"
"A Coruña e As Mariñas","Noites","Todas",2021,"2021",1020772,"1.020.772"
"A Coruña e As Mariñas","Noites","Todas",2022,"2022",1316042,"1.316.042"
"A Coruña e As Mariñas","Noites","Todas",2023,"2023",1396961,"1.396.961"
"A Coruña e As Mariñas","Noites","Fóra de Galicia",2011,"2011",800531,"800.531"
"A Coruña e As Mariñas","Noites","Fóra de Galicia",2017,"2017",1000817,"1.000.817"
"A Coruña e As Mariñas","Noites","Fóra de Galicia",2018,"2018",936836,"936.836"
"A Coruña e As Mariñas","Noites","Fóra de Galicia",2019,"2019",1095438,"1.095.438"
"A Coruña e As Mariñas","Noites","Fóra de Galicia",2020,"2020",412070,"412.070"
"A Coruña e As Mariñas","Noites","Fóra de Galicia",2021,"2021",694855,"694.855"
"A Coruña e As Mariñas","Noites","Fóra de Galicia",2022,"2022",967746,"967.746"
"A Coruña e As Mariñas","Noites","Fóra de Galicia",2023,"2023",1016691,"1.016.691"
"A Coruña e As Mariñas","Indicador Área","Todas",2011,"2011",2621,"2.621"
"A Coruña e As Mariñas","Indicador Área","Todas",2017,"2017",3106,"3.106"
"A Coruña e As Mariñas","Indicador Área","Todas",2018,"2018",3058,"3.058"
"A Coruña e As Mariñas","Indicador Área","Todas",2019,"2019",3325,"3.325"
"A Coruña e As Mariñas","Indicador Área","Todas",2020,"2020",1478,"1.478"
"A Coruña e As Mariñas","Indicador Área","Todas",2021,"2021",2339,"2.339"
"A Coruña e As Mariñas","Indicador Área","Todas",2022,"2022",3016,"3.016"
"A Coruña e As Mariñas","Indicador Área","Todas",2023,"2023",3201,"3.201"
"A Coruña e As Mariñas","Indicador Área","Fóra de Galicia",2011,"2011",1835,"1.835"
"A Coruña e As Mariñas","Indicador Área","Fóra de Galicia",2017,"2017",2293,"2.293"
"A Coruña e As Mariñas","Indicador Área","Fóra de Galicia",2018,"2018",2147,"2.147"
"A Coruña e As Mariñas","Indicador Área","Fóra de Galicia",2019,"2019",2510,"2.510"
"A Coruña e As Mariñas","Indicador Área","Fóra de Galicia",2020,"2020",944,"944"
"A Coruña e As Mariñas","Indicador Área","Fóra de Galicia",2021,"2021",1592,"1.592"
"A Coruña e As Mariñas","Indicador Área","Fóra de Galicia",2022,"2022",2218,"2.218"
"A Coruña e As Mariñas","Indicador Área","Fóra de Galicia",2023,"2023",2330,"2.330"
"A Coruña e As Mariñas","Indicador Costa","Todas",2011,"2011",5933,"5.933"
"A Coruña e As Mariñas","Indicador Costa","Todas",2017,"2017",7031,"7.031"
"A Coruña e As Mariñas","Indicador Costa","Todas",2018,"2018",6923,"6.923"
"A Coruña e As Mariñas","Indicador Costa","Todas",2019,"2019",7527,"7.527"
"A Coruña e As Mariñas","Indicador Costa","Todas",2020,"2020",3345,"3.345"
"A Coruña e As Mariñas","Indicador Costa","Todas",2021,"2021",5295,"5.295"
"A Coruña e As Mariñas","Indicador Costa","Todas",2022,"2022",6826,"6.826"
"A Coruña e As Mariñas","Indicador Costa","Todas",2023,"2023",7246,"7.246"
"A Coruña e As Mariñas","Indicador Costa","Fóra de Galicia",2011,"2011",4152,"4.152"
"A Coruña e As Mariñas","Indicador Costa","Fóra de Galicia",2017,"2017",5191,"5.191"
"A Coruña e As Mariñas","Indicador Costa","Fóra de Galicia",2018,"2018",4859,"4.859"
"A Coruña e As Mariñas","Indicador Costa","Fóra de Galicia",2019,"2019",5682,"5.682"
"A Coruña e As Mariñas","Indicador Costa","Fóra de Galicia",2020,"2020",2137,"2.137"
"A Coruña e As Mariñas","Indicador Costa","Fóra de Galicia",2021,"2021",3604,"3.604"
"A Coruña e As Mariñas","Indicador Costa","Fóra de Galicia",2022,"2022",5020,"5.020"
"A Coruña e As Mariñas","Indicador Costa","Fóra de Galicia",2023,"2023",5274,"5.274"
"A Coruña e As Mariñas","Indicador Poboación (1)","Todas",2011,"2011",0.78,"0,78"
"A Coruña e As Mariñas","Indicador Poboación (1)","Todas",2017,"2017",0.91,"0,91"
"A Coruña e As Mariñas","Indicador Poboación (1)","Todas",2018,"2018",0.89,"0,89"
"A Coruña e As Mariñas","Indicador Poboación (1)","Todas",2019,"2019",0.96,"0,96"
"A Coruña e As Mariñas","Indicador Poboación (1)","Todas",2020,"2020",0.43,"0,43"
"A Coruña e As Mariñas","Indicador Poboación (1)","Todas",2021,"2021",0.68,"0,68"
"A Coruña e As Mariñas","Indicador Poboación (1)","Todas",2022,"2022",0.86,"0,86"
"A Coruña e As Mariñas","Indicador Poboación (1)","Todas",2023,"2023",0.91,"0,91"
"A Coruña e As Mariñas","Indicador Poboación (1)","Fóra de Galicia",2011,"2011",0.54,"0,54"
"A Coruña e As Mariñas","Indicador Poboación (1)","Fóra de Galicia",2017,"2017",0.67,"0,67"
"A Coruña e As Mariñas","Indicador Poboación (1)","Fóra de Galicia",2018,"2018",0.63,"0,63"
"A Coruña e As Mariñas","Indicador Poboación (1)","Fóra de Galicia",2019,"2019",0.73,"0,73"
"A Coruña e As Mariñas","Indicador Poboación (1)","Fóra de Galicia",2020,"2020",0.27,"0,27"
"A Coruña e As Mariñas","Indicador Poboación (1)","Fóra de Galicia",2021,"2021",0.46,"0,46"
"A Coruña e As Mariñas","Indicador Poboación (1)","Fóra de Galicia",2022,"2022",0.63,"0,63"
"A Coruña e As Mariñas","Indicador Poboación (1)","Fóra de Galicia",2023,"2023",0.66,"0,66"
"A Coruña e As Mariñas","Indicador Poboación (2)","Todas",2011,"2011",2.83,"2,83"
"A Coruña e As Mariñas","Indicador Poboación (2)","Todas",2017,"2017",3.33,"3,33"
"A Coruña e As Mariñas","Indicador Poboación (2)","Todas",2018,"2018",3.26,"3,26"
"A Coruña e As Mariñas","Indicador Poboación (2)","Todas",2019,"2019",3.52,"3,52"
"A Coruña e As Mariñas","Indicador Poboación (2)","Todas",2020,"2020",1.56,"1,56"
"A Coruña e As Mariñas","Indicador Poboación (2)","Todas",2021,"2021",2.47,"2,47"
"A Coruña e As Mariñas","Indicador Poboación (2)","Todas",2022,"2022",3.14,"3,14"
"A Coruña e As Mariñas","Indicador Poboación (2)","Todas",2023,"2023",3.32,"3,32"
"A Coruña e As Mariñas","Indicador Poboación (2)","Fóra de Galicia",2011,"2011",1.98,"1,98"
"A Coruña e As Mariñas","Indicador Poboación (2)","Fóra de Galicia",2017,"2017",2.46,"2,46"
"A Coruña e As Mariñas","Indicador Poboación (2)","Fóra de Galicia",2018,"2018",2.29,"2,29"
"A Coruña e As Mariñas","Indicador Poboación (2)","Fóra de Galicia",2019,"2019",2.66,"2,66"
"A Coruña e As Mariñas","Indicador Poboación (2)","Fóra de Galicia",2020,"2020",1.00,"1,00"
"A Coruña e As Mariñas","Indicador Poboación (2)","Fóra de Galicia",2021,"2021",1.68,"1,68"
"A Coruña e As Mariñas","Indicador Poboación (2)","Fóra de Galicia",2022,"2022",2.31,"2,31"
"A Coruña e As Mariñas","Indicador Poboación (2)","Fóra de Galicia",2023,"2023",2.41,"2,41"
"A Coruña e As Mariñas","Indicador Estacional (1)","Todas",2011,"2011",31.5,"31,5"
"A Coruña e As Mariñas","Indicador Estacional (1)","Todas",2017,"2017",28.8,"28,8"
"A Coruña e As Mariñas","Indicador Estacional (1)","Todas",2018,"2018",30.0,"30,0"
"A Coruña e As Mariñas","Indicador Estacional (1)","Todas",2019,"2019",29.6,"29,6"
"A Coruña e As Mariñas","Indicador Estacional (1)","Todas",2020,"2020",33.3,"33,3"
"A Coruña e As Mariñas","Indicador Estacional (1)","Todas",2021,"2021",35.0,"35,0"
"A Coruña e As Mariñas","Indicador Estacional (1)","Todas",2022,"2022",30.9,"30,9"
"A Coruña e As Mariñas","Indicador Estacional (1)","Todas",2023,"2023",26.1,"26,1"
"A Coruña e As Mariñas","Indicador Estacional (1)","Fóra de Galicia",2011,"2011",32.2,"32,2"
"A Coruña e As Mariñas","Indicador Estacional (1)","Fóra de Galicia",2017,"2017",33.5,"33,5"
"A Coruña e As Mariñas","Indicador Estacional (1)","Fóra de Galicia",2018,"2018",37.2,"37,2"
"A Coruña e As Mariñas","Indicador Estacional (1)","Fóra de Galicia",2019,"2019",31.1,"31,1"
"A Coruña e As Mariñas","Indicador Estacional (1)","Fóra de Galicia",2020,"2020",36.4,"36,4"
"A Coruña e As Mariñas","Indicador Estacional (1)","Fóra de Galicia",2021,"2021",40.1,"40,1"
"A Coruña e As Mariñas","Indicador Estacional (1)","Fóra de Galicia",2022,"2022",32.4,"32,4"
"A Coruña e As Mariñas","Indicador Estacional (1)","Fóra de Galicia",2023,"2023",30.1,"30,1"
"A Coruña e As Mariñas","Indicador Estacional (2)","Todas",2011,"2011",,"-"
"A Coruña e As Mariñas","Indicador Estacional (2)","Todas",2017,"2017",-3.3,"-3,3"
"A Coruña e As Mariñas","Indicador Estacional (2)","Todas",2018,"2018",3.6,"3,6"
"A Coruña e As Mariñas","Indicador Estacional (2)","Todas",2019,"2019",-0.6,"-0,6"
"A Coruña e As Mariñas","Indicador Estacional (2)","Todas",2020,"2020",0.0,"0,0"
"A Coruña e As Mariñas","Indicador Estacional (2)","Todas",2021,"2021",1.7,"1,7"
"A Coruña e As Mariñas","Indicador Estacional (2)","Todas",2022,"2022",-4.1,"-4,1"
"A Coruña e As Mariñas","Indicador Estacional (2)","Todas",2023,"2023",-8.9,"-8,9"
"A Coruña e As Mariñas","Indicador Estacional (2)","Fóra de Galicia",2011,"2011",,"-"
"A Coruña e As Mariñas","Indicador Estacional (2)","Fóra de Galicia",2017,"2017",0.9,"0,9"
"A Coruña e As Mariñas","Indicador Estacional (2)","Fóra de Galicia",2018,"2018",4.7,"4,7"
"A Coruña e As Mariñas","Indicador Estacional (2)","Fóra de Galicia",2019,"2019",27.3,"27,3"
"A Coruña e As Mariñas","Indicador Estacional (2)","Fóra de Galicia",2020,"2020",-1.9,"-1,9"
"A Coruña e As Mariñas","Indicador Estacional (2)","Fóra de Galicia",2021,"2021",40.1,"40,1"
"A Coruña e As Mariñas","Indicador Estacional (2)","Fóra de Galicia",2022,"2022",30.7,"30,7"
"A Coruña e As Mariñas","Indicador Estacional (2)","Fóra de Galicia",2023,"2023",28.4,"28,4"
"Costa da Morte","Noites","Todas",2011,"2011",185799,"185.799"
"Costa da Morte","Noites","Todas",2017,"2017",370665,"370.665"
"Costa da Morte","Noites","Todas",2018,"2018",294957,"294.957"
"Costa da Morte","Noites","Todas",2019,"2019",321977,"321.977"
"Costa da Morte","Noites","Todas",2020,"2020",195260,"195.260"
"Costa da Morte","Noites","Todas",2021,"2021",339059,"339.059"
"Costa da Morte","Noites","Todas",2022,"2022",442524,"442.524"
"Costa da Morte","Noites","Todas",2023,"2023",473435,"473.435"
"Costa da Morte","Noites","Fóra de Galicia",2011,"2011",125692,"125.692"
"Costa da Morte","Noites","Fóra de Galicia",2017,"2017",262029,"262.029"
"Costa da Morte","Noites","Fóra de Galicia",2018,"2018",214967,"214.967"
"Costa da Morte","Noites","Fóra de Galicia",2019,"2019",228250,"228.250"
"Costa da Morte","Noites","Fóra de Galicia",2020,"2020",121646,"121.646"
"Costa da Morte","Noites","Fóra de Galicia",2021,"2021",218059,"218.059"
"Costa da Morte","Noites","Fóra de Galicia",2022,"2022",311768,"311.768"
"Costa da Morte","Noites","Fóra de Galicia",2023,"2023",343410,"343.410"
"Costa da Morte","Indicador Área","Todas",2011,"2011",148,"148"
"Costa da Morte","Indicador Área","Todas",2017,"2017",295,"295"
"Costa da Morte","Indicador Área","Todas",2018,"2018",235,"235"
"Costa da Morte","Indicador Área","Todas",2019,"2019",257,"257"
"Costa da Morte","Indicador Área","Todas",2020,"2020",156,"156"
"Costa da Morte","Indicador Área","Todas",2021,"2021",270,"270"
"Costa da Morte","Indicador Área","Todas",2022,"2022",353,"353"
"Costa da Morte","Indicador Área","Todas",2023,"2023",377,"377"
"Costa da Morte","Indicador Área","Fóra de Galicia",2011,"2011",100,"100"
"Costa da Morte","Indicador Área","Fóra de Galicia",2017,"2017",209,"209"
"Costa da Morte","Indicador Área","Fóra de Galicia",2018,"2018",171,"171"
"Costa da Morte","Indicador Área","Fóra de Galicia",2019,"2019",182,"182"
"Costa da Morte","Indicador Área","Fóra de Galicia",2020,"2020",97,"97"
"Costa da Morte","Indicador Área","Fóra de Galicia",2021,"2021",174,"174"
"Costa da Morte","Indicador Área","Fóra de Galicia",2022,"2022",248,"248"
"Costa da Morte","Indicador Área","Fóra de Galicia",2023,"2023",274,"274"
"Costa da Morte","Indicador Costa","Todas",2011,"2011",408,"408"
"Costa da Morte","Indicador Costa","Todas",2017,"2017",814,"814"
"Costa da Morte","Indicador Costa","Todas",2018,"2018",648,"648"
"Costa da Morte","Indicador Costa","Todas",2019,"2019",707,"707"
"Costa da Morte","Indicador Costa","Todas",2020,"2020",429,"429"
"Costa da Morte","Indicador Costa","Todas",2021,"2021",745,"745"
"Costa da Morte","Indicador Costa","Todas",2022,"2022",972,"972"
"Costa da Morte","Indicador Costa","Todas",2023,"2023",1040,"1.040"
"Costa da Morte","Indicador Costa","Fóra de Galicia",2011,"2011",276,"276"
"Costa da Morte","Indicador Costa","Fóra de Galicia",2017,"2017",575,"575"
"Costa da Morte","Indicador Costa","Fóra de Galicia",2018,"2018",472,"472"
"Costa da Morte","Indicador Costa","Fóra de Galicia",2019,"2019",501,"501"
"Costa da Morte","Indicador Costa","Fóra de Galicia",2020,"2020",267,"267"
"Costa da Morte","Indicador Costa","Fóra de Galicia",2021,"2021",479,"479"
"Costa da Morte","Indicador Costa","Fóra de Galicia",2022,"2022",685,"685"
"Costa da Morte","Indicador Costa","Fóra de Galicia",2023,"2023",754,"754"
"Costa da Morte","Indicador Poboación (1)","Todas",2011,"2011",0.48,"0,48"
"Costa da Morte","Indicador Poboación (1)","Todas",2017,"2017",1.00,"1,00"
"Costa da Morte","Indicador Poboación (1)","Todas",2018,"2018",0.80,"0,80"
"Costa da Morte","Indicador Poboación (1)","Todas",2019,"2019",0.88,"0,88"
"Costa da Morte","Indicador Poboación (1)","Todas",2020,"2020",0.53,"0,53"
"Costa da Morte","Indicador Poboación (1)","Todas",2021,"2021",0.93,"0,93"
"Costa da Morte","Indicador Poboación (1)","Todas",2022,"2022",1.24,"1,24"
"Costa da Morte","Indicador Poboación (1)","Todas",2023,"2023",1.33,"1,33"
"Costa da Morte","Indicador Poboación (1)","Fóra de Galicia",2011,"2011",0.33,"0,33"
"Costa da Morte","Indicador Poboación (1)","Fóra de Galicia",2017,"2017",0.71,"0,71"
"Costa da Morte","Indicador Poboación (1)","Fóra de Galicia",2018,"2018",0.59,"0,59"
"Costa da Morte","Indicador Poboación (1)","Fóra de Galicia",2019,"2019",0.62,"0,62"
"Costa da Morte","Indicador Poboación (1)","Fóra de Galicia",2020,"2020",0.33,"0,33"
"Costa da Morte","Indicador Poboación (1)","Fóra de Galicia",2021,"2021",0.60,"0,60"
"Costa da Morte","Indicador Poboación (1)","Fóra de Galicia",2022,"2022",0.87,"0,87"
"Costa da Morte","Indicador Poboación (1)","Fóra de Galicia",2023,"2023",0.96,"0,96"
"Costa da Morte","Indicador Poboación (2)","Todas",2011,"2011",1.76,"1,76"
"Costa da Morte","Indicador Poboación (2)","Todas",2017,"2017",3.66,"3,66"
"Costa da Morte","Indicador Poboación (2)","Todas",2018,"2018",2.93,"2,93"
"Costa da Morte","Indicador Poboación (2)","Todas",2019,"2019",3.21,"3,21"
"Costa da Morte","Indicador Poboación (2)","Todas",2020,"2020",1.95,"1,95"
"Costa da Morte","Indicador Poboación (2)","Todas",2021,"2021",3.40,"3,40"
"Costa da Morte","Indicador Poboación (2)","Todas",2022,"2022",4.53,"4,53"
"Costa da Morte","Indicador Poboación (2)","Todas",2023,"2023",4.85,"4,85"
"Costa da Morte","Indicador Poboación (2)","Fóra de Galicia",2011,"2011",1.19,"1,19"
"Costa da Morte","Indicador Poboación (2)","Fóra de Galicia",2017,"2017",2.59,"2,59"
"Costa da Morte","Indicador Poboación (2)","Fóra de Galicia",2018,"2018",2.14,"2,14"
"Costa da Morte","Indicador Poboación (2)","Fóra de Galicia",2019,"2019",2.28,"2,28"
"Costa da Morte","Indicador Poboación (2)","Fóra de Galicia",2020,"2020",1.22,"1,22"
"Costa da Morte","Indicador Poboación (2)","Fóra de Galicia",2021,"2021",2.18,"2,18"
"Costa da Morte","Indicador Poboación (2)","Fóra de Galicia",2022,"2022",3.19,"3,19"
"Costa da Morte","Indicador Poboación (2)","Fóra de Galicia",2023,"2023",3.52,"3,52"
"Costa da Morte","Indicador Estacional (1)","Todas",2011,"2011",52.3,"52,3"
"Costa da Morte","Indicador Estacional (1)","Todas",2017,"2017",37.6,"37,6"
"Costa da Morte","Indicador Estacional (1)","Todas",2018,"2018",49.1,"49,1"
"Costa da Morte","Indicador Estacional (1)","Todas",2019,"2019",47.9,"47,9"
"Costa da Morte","Indicador Estacional (1)","Todas",2020,"2020",69.4,"69,4"
"Costa da Morte","Indicador Estacional (1)","Todas",2021,"2021",54.6,"54,6"
"Costa da Morte","Indicador Estacional (1)","Todas",2022,"2022",45.6,"45,6"
"Costa da Morte","Indicador Estacional (1)","Todas",2023,"2023",42.5,"42,5"
"Costa da Morte","Indicador Estacional (1)","Fóra de Galicia",2011,"2011",57.9,"57,9"
"Costa da Morte","Indicador Estacional (1)","Fóra de Galicia",2017,"2017",50.7,"50,7"
"Costa da Morte","Indicador Estacional (1)","Fóra de Galicia",2018,"2018",57.8,"57,8"
"Costa da Morte","Indicador Estacional (1)","Fóra de Galicia",2019,"2019",51.4,"51,4"
"Costa da Morte","Indicador Estacional (1)","Fóra de Galicia",2020,"2020",72.5,"72,5"
"Costa da Morte","Indicador Estacional (1)","Fóra de Galicia",2021,"2021",63.2,"63,2"
"Costa da Morte","Indicador Estacional (1)","Fóra de Galicia",2022,"2022",47.9,"47,9"
"Costa da Morte","Indicador Estacional (1)","Fóra de Galicia",2023,"2023",51.1,"51,1"
"Costa da Morte","Indicador Estacional (2)","Todas",2011,"2011",,"-"
"Costa da Morte","Indicador Estacional (2)","Todas",2017,"2017",-11.1,"-11,1"
"Costa da Morte","Indicador Estacional (2)","Todas",2018,"2018",14.0,"14,0"
"Costa da Morte","Indicador Estacional (2)","Todas",2019,"2019",-0.8,"-0,8"
"Costa da Morte","Indicador Estacional (2)","Todas",2020,"2020",-1.6,"-1,6"
"Costa da Morte","Indicador Estacional (2)","Todas",2021,"2021",-14.8,"-14,8"
"Costa da Morte","Indicador Estacional (2)","Todas",2022,"2022",-9.0,"-9,0"
"Costa da Morte","Indicador Estacional (2)","Todas",2023,"2023",-12.1,"-12,1"
"Costa da Morte","Indicador Estacional (2)","Fóra de Galicia",2011,"2011",,"-"
"Costa da Morte","Indicador Estacional (2)","Fóra de Galicia",2017,"2017",-2.8,"-2,8"
"Costa da Morte","Indicador Estacional (2)","Fóra de Galicia",2018,"2018",6.2,"6,2"
"Costa da Morte","Indicador Estacional (2)","Fóra de Galicia",2019,"2019",37.8,"37,8"
"Costa da Morte","Indicador Estacional (2)","Fóra de Galicia",2020,"2020",-5.6,"-5,6"
"Costa da Morte","Indicador Estacional (2)","Fóra de Galicia",2021,"2021",64.8,"64,8"
"Costa da Morte","Indicador Estacional (2)","Fóra de Galicia",2022,"2022",62.7,"62,7"
"Costa da Morte","Indicador Estacional (2)","Fóra de Galicia",2023,"2023",65.9,"65,9"
"Ferrolterra","Noites","Todas",2011,"2011",362449,"362.449"
"Ferrolterra","Noites","Todas",2017,"2017",389631,"389.631"
"Ferrolterra","Noites","Todas",2018,"2018",400657,"400.657"
"Ferrolterra","Noites","Todas",2019,"2019",394022,"394.022"
"Ferrolterra","Noites","Todas",2020,"2020",230190,"230.190"
"Ferrolterra","Noites","Todas",2021,"2021",392946,"392.946"
"Ferrolterra","Noites","Todas",2022,"2022",473107,"473.107"
"Ferrolterra","Noites","Todas",2023,"2023",472569,"472.569"
"Ferrolterra","Noites","Fóra de Galicia",2011,"2011",228149,"228.149"
"Ferrolterra","Noites","Fóra de Galicia",2017,"2017",274230,"274.230"
"Ferrolterra","Noites","Fóra de Galicia",2018,"2018",273433,"273.433"
"Ferrolterra","Noites","Fóra de Galicia",2019,"2019",266650,"266.650"
"Ferrolterra","Noites","Fóra de Galicia",2020,"2020",122854,"122.854"
"Ferrolterra","Noites","Fóra de Galicia",2021,"2021",237310,"237.310"
"Ferrolterra","Noites","Fóra de Galicia",2022,"2022",331956,"331.956"
"Ferrolterra","Noites","Fóra de Galicia",2023,"2023",292560,"292.560"
"Ferrolterra","Indicador Área","Todas",2011,"2011",449,"449"
"Ferrolterra","Indicador Área","Todas",2017,"2017",483,"483"
"Ferrolterra","Indicador Área","Todas",2018,"2018",497,"497"
"Ferrolterra","Indicador Área","Todas",2019,"2019",488,"488"
"Ferrolterra","Indicador Área","Todas",2020,"2020",285,"285"
"Ferrolterra","Indicador Área","Todas",2021,"2021",487,"487"
"Ferrolterra","Indicador Área","Todas",2022,"2022",586,"586"
"Ferrolterra","Indicador Área","Todas",2023,"2023",586,"586"
"Ferrolterra","Indicador Área","Fóra de Galicia",2011,"2011",283,"283"
"Ferrolterra","Indicador Área","Fóra de Galicia",2017,"2017",340,"340"
"Ferrolterra","Indicador Área","Fóra de Galicia",2018,"2018",339,"339"
"Ferrolterra","Indicador Área","Fóra de Galicia",2019,"2019",330,"330"
"Ferrolterra","Indicador Área","Fóra de Galicia",2020,"2020",152,"152"
"Ferrolterra","Indicador Área","Fóra de Galicia",2021,"2021",294,"294"
"Ferrolterra","Indicador Área","Fóra de Galicia",2022,"2022",411,"411"
"Ferrolterra","Indicador Área","Fóra de Galicia",2023,"2023",363,"363"
"Ferrolterra","Indicador Costa","Todas",2011,"2011",757,"757"
"Ferrolterra","Indicador Costa","Todas",2017,"2017",814,"814"
"Ferrolterra","Indicador Costa","Todas",2018,"2018",837,"837"
"Ferrolterra","Indicador Costa","Todas",2019,"2019",823,"823"
"Ferrolterra","Indicador Costa","Todas",2020,"2020",481,"481"
"Ferrolterra","Indicador Costa","Todas",2021,"2021",821,"821"
"Ferrolterra","Indicador Costa","Todas",2022,"2022",988,"988"
"Ferrolterra","Indicador Costa","Todas",2023,"2023",987,"987"
"Ferrolterra","Indicador Costa","Fóra de Galicia",2011,"2011",477,"477"
"Ferrolterra","Indicador Costa","Fóra de Galicia",2017,"2017",573,"573"
"Ferrolterra","Indicador Costa","Fóra de Galicia",2018,"2018",571,"571"
"Ferrolterra","Indicador Costa","Fóra de Galicia",2019,"2019",557,"557"
"Ferrolterra","Indicador Costa","Fóra de Galicia",2020,"2020",257,"257"
"Ferrolterra","Indicador Costa","Fóra de Galicia",2021,"2021",496,"496"
"Ferrolterra","Indicador Costa","Fóra de Galicia",2022,"2022",693,"693"
"Ferrolterra","Indicador Costa","Fóra de Galicia",2023,"2023",611,"611"
"Ferrolterra","Indicador Poboación (1)","Todas",2011,"2011",0.56,"0,56"
"Ferrolterra","Indicador Poboación (1)","Todas",2017,"2017",0.63,"0,63"
"Ferrolterra","Indicador Poboación (1)","Todas",2018,"2018",0.65,"0,65"
"Ferrolterra","Indicador Poboación (1)","Todas",2019,"2019",0.64,"0,64"
"Ferrolterra","Indicador Poboación (1)","Todas",2020,"2020",0.38,"0,38"
"Ferrolterra","Indicador Poboación (1)","Todas",2021,"2021",0.65,"0,65"
"Ferrolterra","Indicador Poboación (1)","Todas",2022,"2022",0.77,"0,77"
"Ferrolterra","Indicador Poboación (1)","Todas",2023,"2023",0.77,"0,77"
"Ferrolterra","Indicador Poboación (1)","Fóra de Galicia",2011,"2011",0.35,"0,35"
"Ferrolterra","Indicador Poboación (1)","Fóra de Galicia",2017,"2017",0.44,"0,44"
"Ferrolterra","Indicador Poboación (1)","Fóra de Galicia",2018,"2018",0.44,"0,44"
"Ferrolterra","Indicador Poboación (1)","Fóra de Galicia",2019,"2019",0.44,"0,44"
"Ferrolterra","Indicador Poboación (1)","Fóra de Galicia",2020,"2020",0.20,"0,20"
"Ferrolterra","Indicador Poboación (1)","Fóra de Galicia",2021,"2021",0.39,"0,39"
"Ferrolterra","Indicador Poboación (1)","Fóra de Galicia",2022,"2022",0.54,"0,54"
"Ferrolterra","Indicador Poboación (1)","Fóra de Galicia",2023,"2023",0.48,"0,48"
"Ferrolterra","Indicador Poboación (2)","Todas",2011,"2011",2.03,"2,03"
"Ferrolterra","Indicador Poboación (2)","Todas",2017,"2017",2.29,"2,29"
"Ferrolterra","Indicador Poboación (2)","Todas",2018,"2018",2.37,"2,37"
"Ferrolterra","Indicador Poboación (2)","Todas",2019,"2019",2.35,"2,35"
"Ferrolterra","Indicador Poboación (2)","Todas",2020,"2020",1.38,"1,38"
"Ferrolterra","Indicador Poboación (2)","Todas",2021,"2021",2.37,"2,37"
"Ferrolterra","Indicador Poboación (2)","Todas",2022,"2022",2.83,"2,83"
"Ferrolterra","Indicador Poboación (2)","Todas",2023,"2023",2.82,"2,82"
"Ferrolterra","Indicador Poboación (2)","Fóra de Galicia",2011,"2011",1.28,"1,28"
"Ferrolterra","Indicador Poboación (2)","Fóra de Galicia",2017,"2017",1.61,"1,61"
"Ferrolterra","Indicador Poboación (2)","Fóra de Galicia",2018,"2018",1.62,"1,62"
"Ferrolterra","Indicador Poboación (2)","Fóra de Galicia",2019,"2019",1.59,"1,59"
"Ferrolterra","Indicador Poboación (2)","Fóra de Galicia",2020,"2020",0.74,"0,74"
"Ferrolterra","Indicador Poboación (2)","Fóra de Galicia",2021,"2021",1.43,"1,43"
"Ferrolterra","Indicador Poboación (2)","Fóra de Galicia",2022,"2022",1.98,"1,98"
"Ferrolterra","Indicador Poboación (2)","Fóra de Galicia",2023,"2023",1.75,"1,75"
"Ferrolterra","Indicador Estacional (1)","Todas",2011,"2011",43.1,"43,1"
"Ferrolterra","Indicador Estacional (1)","Todas",2017,"2017",38.0,"38,0"
"Ferrolterra","Indicador Estacional (1)","Todas",2018,"2018",45.0,"45,0"
"Ferrolterra","Indicador Estacional (1)","Todas",2019,"2019",44.7,"44,7"
"Ferrolterra","Indicador Estacional (1)","Todas",2020,"2020",60.3,"60,3"
"Ferrolterra","Indicador Estacional (1)","Todas",2021,"2021",54.6,"54,6"
"Ferrolterra","Indicador Estacional (1)","Todas",2022,"2022",45.2,"45,2"
"Ferrolterra","Indicador Estacional (1)","Todas",2023,"2023",37.1,"37,1"
"Ferrolterra","Indicador Estacional (1)","Fóra de Galicia",2011,"2011",43.3,"43,3"
"Ferrolterra","Indicador Estacional (1)","Fóra de Galicia",2017,"2017",45.9,"45,9"
"Ferrolterra","Indicador Estacional (1)","Fóra de Galicia",2018,"2018",48.5,"48,5"
"Ferrolterra","Indicador Estacional (1)","Fóra de Galicia",2019,"2019",41.5,"41,5"
"Ferrolterra","Indicador Estacional (1)","Fóra de Galicia",2020,"2020",51.4,"51,4"
"Ferrolterra","Indicador Estacional (1)","Fóra de Galicia",2021,"2021",57.0,"57,0"
"Ferrolterra","Indicador Estacional (1)","Fóra de Galicia",2022,"2022",43.7,"43,7"
"Ferrolterra","Indicador Estacional (1)","Fóra de Galicia",2023,"2023",44.9,"44,9"
"Ferrolterra","Indicador Estacional (2)","Todas",2011,"2011",,"-"
"Ferrolterra","Indicador Estacional (2)","Todas",2017,"2017",-7.5,"-7,5"
"Ferrolterra","Indicador Estacional (2)","Todas",2018,"2018",11.4,"11,4"
"Ferrolterra","Indicador Estacional (2)","Todas",2019,"2019",0.5,"0,5"
"Ferrolterra","Indicador Estacional (2)","Todas",2020,"2020",-0.7,"-0,7"
"Ferrolterra","Indicador Estacional (2)","Todas",2021,"2021",-5.7,"-5,7"
"Ferrolterra","Indicador Estacional (2)","Todas",2022,"2022",-9.4,"-9,4"
"Ferrolterra","Indicador Estacional (2)","Todas",2023,"2023",-17.5,"-17,5"
"Ferrolterra","Indicador Estacional (2)","Fóra de Galicia",2011,"2011",,"-"
"Ferrolterra","Indicador Estacional (2)","Fóra de Galicia",2017,"2017",2.6,"2,6"
"Ferrolterra","Indicador Estacional (2)","Fóra de Galicia",2018,"2018",4.3,"4,3"
"Ferrolterra","Indicador Estacional (2)","Fóra de Galicia",2019,"2019",30.9,"30,9"
"Ferrolterra","Indicador Estacional (2)","Fóra de Galicia",2020,"2020",-4.1,"-4,1"
"Ferrolterra","Indicador Estacional (2)","Fóra de Galicia",2021,"2021",57.7,"57,7"
"Ferrolterra","Indicador Estacional (2)","Fóra de Galicia",2022,"2022",49.4,"49,4"
"Ferrolterra","Indicador Estacional (2)","Fóra de Galicia",2023,"2023",50.6,"50,6"
"Mariña Lucense","Noites","Todas",2011,"2011",269194,"269.194"
"Mariña Lucense","Noites","Todas",2017,"2017",373683,"373.683"
"Mariña Lucense","Noites","Todas",2018,"2018",378174,"378.174"
"Mariña Lucense","Noites","Todas",2019,"2019",419603,"419.603"
"Mariña Lucense","Noites","Todas",2020,"2020",179809,"179.809"
"Mariña Lucense","Noites","Todas",2021,"2021",368428,"368.428"
"Mariña Lucense","Noites","Todas",2022,"2022",454160,"454.160"
"Mariña Lucense","Noites","Todas",2023,"2023",498357,"498.357"
"Mariña Lucense","Noites","Fóra de Galicia",2011,"2011",189743,"189.743"
"Mariña Lucense","Noites","Fóra de Galicia",2017,"2017",285390,"285.390"
"Mariña Lucense","Noites","Fóra de Galicia",2018,"2018",284847,"284.847"
"Mariña Lucense","Noites","Fóra de Galicia",2019,"2019",310590,"310.590"
"Mariña Lucense","Noites","Fóra de Galicia",2020,"2020",134787,"134.787"
"Mariña Lucense","Noites","Fóra de Galicia",2021,"2021",257145,"257.145"
"Mariña Lucense","Noites","Fóra de Galicia",2022,"2022",327326,"327.326"
"Mariña Lucense","Noites","Fóra de Galicia",2023,"2023",346364,"346.364"
"Mariña Lucense","Indicador Área","Todas",2011,"2011",372,"372"
"Mariña Lucense","Indicador Área","Todas",2017,"2017",516,"516"
"Mariña Lucense","Indicador Área","Todas",2018,"2018",522,"522"
"Mariña Lucense","Indicador Área","Todas",2019,"2019",580,"580"
"Mariña Lucense","Indicador Área","Todas",2020,"2020",248,"248"
"Mariña Lucense","Indicador Área","Todas",2021,"2021",509,"509"
"Mariña Lucense","Indicador Área","Todas",2022,"2022",627,"627"
"Mariña Lucense","Indicador Área","Todas",2023,"2023",688,"688"
"Mariña Lucense","Indicador Área","Fóra de Galicia",2011,"2011",262,"262"
"Mariña Lucense","Indicador Área","Fóra de Galicia",2017,"2017",394,"394"
"Mariña Lucense","Indicador Área","Fóra de Galicia",2018,"2018",394,"394"
"Mariña Lucense","Indicador Área","Fóra de Galicia",2019,"2019",429,"429"
"Mariña Lucense","Indicador Área","Fóra de Galicia",2020,"2020",186,"186"
"Mariña Lucense","Indicador Área","Fóra de Galicia",2021,"2021",355,"355"
"Mariña Lucense","Indicador Área","Fóra de Galicia",2022,"2022",452,"452"
"Mariña Lucense","Indicador Área","Fóra de Galicia",2023,"2023",479,"479"
"Mariña Lucense","Indicador Costa","Todas",2011,"2011",1026,"1.026"
"Mariña Lucense","Indicador Costa","Todas",2017,"2017",1424,"1.424"
"Mariña Lucense","Indicador Costa","Todas",2018,"2018",1441,"1.441"
"Mariña Lucense","Indicador Costa","Todas",2019,"2019",1599,"1.599"
"Mariña Lucense","Indicador Costa","Todas",2020,"2020",685,"685"
"Mariña Lucense","Indicador Costa","Todas",2021,"2021",1404,"1.404"
"Mariña Lucense","Indicador Costa","Todas",2022,"2022",1731,"1.731"
"Mariña Lucense","Indicador Costa","Todas",2023,"2023",1900,"1.900"
"Mariña Lucense","Indicador Costa","Fóra de Galicia",2011,"2011",723,"723"
"Mariña Lucense","Indicador Costa","Fóra de Galicia",2017,"2017",1088,"1.088"
"Mariña Lucense","Indicador Costa","Fóra de Galicia",2018,"2018",1086,"1.086"
"Mariña Lucense","Indicador Costa","Fóra de Galicia",2019,"2019",1184,"1.184"
"Mariña Lucense","Indicador Costa","Fóra de Galicia",2020,"2020",514,"514"
"Mariña Lucense","Indicador Costa","Fóra de Galicia",2021,"2021",980,"980"
"Mariña Lucense","Indicador Costa","Fóra de Galicia",2022,"2022",1248,"1.248"
"Mariña Lucense","Indicador Costa","Fóra de Galicia",2023,"2023",1320,"1.320"
"Mariña Lucense","Indicador Poboación (1)","Todas",2011,"2011",1.24,"1,24"
"Mariña Lucense","Indicador Poboación (1)","Todas",2017,"2017",1.76,"1,76"
"Mariña Lucense","Indicador Poboación (1)","Todas",2018,"2018",1.79,"1,79"
"Mariña Lucense","Indicador Poboación (1)","Todas",2019,"2019",1.99,"1,99"
"Mariña Lucense","Indicador Poboación (1)","Todas",2020,"2020",0.85,"0,85"
"Mariña Lucense","Indicador Poboación (1)","Todas",2021,"2021",1.75,"1,75"
"Mariña Lucense","Indicador Poboación (1)","Todas",2022,"2022",2.14,"2,14"
"Mariña Lucense","Indicador Poboación (1)","Todas",2023,"2023",2.34,"2,34"
"Mariña Lucense","Indicador Poboación (1)","Fóra de Galicia",2011,"2011",0.87,"0,87"
"Mariña Lucense","Indicador Poboación (1)","Fóra de Galicia",2017,"2017",1.34,"1,34"
"Mariña Lucense","Indicador Poboación (1)","Fóra de Galicia",2018,"2018",1.35,"1,35"
"Mariña Lucense","Indicador Poboación (1)","Fóra de Galicia",2019,"2019",1.47,"1,47"
"Mariña Lucense","Indicador Poboación (1)","Fóra de Galicia",2020,"2020",0.64,"0,64"
"Mariña Lucense","Indicador Poboación (1)","Fóra de Galicia",2021,"2021",1.22,"1,22"
"Mariña Lucense","Indicador Poboación (1)","Fóra de Galicia",2022,"2022",1.54,"1,54"
"Mariña Lucense","Indicador Poboación (1)","Fóra de Galicia",2023,"2023",1.63,"1,63"
"Mariña Lucense","Indicador Poboación (2)","Todas",2011,"2011",4.51,"4,51"
"Mariña Lucense","Indicador Poboación (2)","Todas",2017,"2017",6.42,"6,42"
"Mariña Lucense","Indicador Poboación (2)","Todas",2018,"2018",6.52,"6,52"
"Mariña Lucense","Indicador Poboación (2)","Todas",2019,"2019",7.26,"7,26"
"Mariña Lucense","Indicador Poboación (2)","Todas",2020,"2020",3.10,"3,10"
"Mariña Lucense","Indicador Poboación (2)","Todas",2021,"2021",6.37,"6,37"
"Mariña Lucense","Indicador Poboación (2)","Todas",2022,"2022",7.81,"7,81"
"Mariña Lucense","Indicador Poboación (2)","Todas",2023,"2023",8.54,"8,54"
"Mariña Lucense","Indicador Poboación (2)","Fóra de Galicia",2011,"2011",3.18,"3,18"
"Mariña Lucense","Indicador Poboación (2)","Fóra de Galicia",2017,"2017",4.91,"4,91"
"Mariña Lucense","Indicador Poboación (2)","Fóra de Galicia",2018,"2018",4.91,"4,91"
"Mariña Lucense","Indicador Poboación (2)","Fóra de Galicia",2019,"2019",5.37,"5,37"
"Mariña Lucense","Indicador Poboación (2)","Fóra de Galicia",2020,"2020",2.33,"2,33"
"Mariña Lucense","Indicador Poboación (2)","Fóra de Galicia",2021,"2021",4.45,"4,45"
"Mariña Lucense","Indicador Poboación (2)","Fóra de Galicia",2022,"2022",5.63,"5,63"
"Mariña Lucense","Indicador Poboación (2)","Fóra de Galicia",2023,"2023",5.94,"5,94"
"Mariña Lucense","Indicador Estacional (1)","Todas",2011,"2011",50.3,"50,3"
"Mariña Lucense","Indicador Estacional (1)","Todas",2017,"2017",38.3,"38,3"
"Mariña Lucense","Indicador Estacional (1)","Todas",2018,"2018",46.3,"46,3"
"Mariña Lucense","Indicador Estacional (1)","Todas",2019,"2019",45.7,"45,7"
"Mariña Lucense","Indicador Estacional (1)","Todas",2020,"2020",54.1,"54,1"
"Mariña Lucense","Indicador Estacional (1)","Todas",2021,"2021",54.1,"54,1"
"Mariña Lucense","Indicador Estacional (1)","Todas",2022,"2022",47.8,"47,8"
"Mariña Lucense","Indicador Estacional (1)","Todas",2023,"2023",42.8,"42,8"
"Mariña Lucense","Indicador Estacional (1)","Fóra de Galicia",2011,"2011",57.6,"57,6"
"Mariña Lucense","Indicador Estacional (1)","Fóra de Galicia",2017,"2017",51.0,"51,0"
"Mariña Lucense","Indicador Estacional (1)","Fóra de Galicia",2018,"2018",55.7,"55,7"
"Mariña Lucense","Indicador Estacional (1)","Fóra de Galicia",2019,"2019",49.6,"49,6"
"Mariña Lucense","Indicador Estacional (1)","Fóra de Galicia",2020,"2020",60.7,"60,7"
"Mariña Lucense","Indicador Estacional (1)","Fóra de Galicia",2021,"2021",63.6,"63,6"
"Mariña Lucense","Indicador Estacional (1)","Fóra de Galicia",2022,"2022",51.2,"51,2"
"Mariña Lucense","Indicador Estacional (1)","Fóra de Galicia",2023,"2023",51.2,"51,2"
"Mariña Lucense","Indicador Estacional (2)","Todas",2011,"2011",,"-"
"Mariña Lucense","Indicador Estacional (2)","Todas",2017,"2017",-11.4,"-11,4"
"Mariña Lucense","Indicador Estacional (2)","Todas",2018,"2018",13.2,"13,2"
"Mariña Lucense","Indicador Estacional (2)","Todas",2019,"2019",0.3,"0,3"
"Mariña Lucense","Indicador Estacional (2)","Todas",2020,"2020",1.3,"1,3"
"Mariña Lucense","Indicador Estacional (2)","Todas",2021,"2021",0.0,"0,0"
"Mariña Lucense","Indicador Estacional (2)","Todas",2022,"2022",-6.3,"-6,3"
"Mariña Lucense","Indicador Estacional (2)","Todas",2023,"2023",-11.3,"-11,3"
"Mariña Lucense","Indicador Estacional (2)","Fóra de Galicia",2011,"2011",,"-"
"Mariña Lucense","Indicador Estacional (2)","Fóra de Galicia",2017,"2017",-2.9,"-2,9"
"Mariña Lucense","Indicador Estacional (2)","Fóra de Galicia",2018,"2018",3.9,"3,9"
"Mariña Lucense","Indicador Estacional (2)","Fóra de Galicia",2019,"2019",37.3,"37,3"
"Mariña Lucense","Indicador Estacional (2)","Fóra de Galicia",2020,"2020",-1.0,"-1,0"
"Mariña Lucense","Indicador Estacional (2)","Fóra de Galicia",2021,"2021",62.3,"62,3"
"Mariña Lucense","Indicador Estacional (2)","Fóra de Galicia",2022,"2022",51.2,"51,2"
"Mariña Lucense","Indicador Estacional (2)","Fóra de Galicia",2023,"2023",51.2,"51,2"
"Ría de Arousa","Noites","Todas",2011,"2011",1697138,"1.697.138"
"Ría de Arousa","Noites","Todas",2017,"2017",2191352,"2.191.352"
"Ría de Arousa","Noites","Todas",2018,"2018",2017301,"2.017.301"
"Ría de Arousa","Noites","Todas",2019,"2019",2074814,"2.074.814"
"Ría de Arousa","Noites","Todas",2020,"2020",967404,"967.404"
"Ría de Arousa","Noites","Todas",2021,"2021",1637912,"1.637.912"
"Ría de Arousa","Noites","Todas",2022,"2022",2101403,"2.101.403"
"Ría de Arousa","Noites","Todas",2023,"2023",2237146,"2.237.146"
"Ría de Arousa","Noites","Fóra de Galicia",2011,"2011",1187328,"1.187.328"
"Ría de Arousa","Noites","Fóra de Galicia",2017,"2017",1547006,"1.547.006"
"Ría de Arousa","Noites","Fóra de Galicia",2018,"2018",1355890,"1.355.890"
"Ría de Arousa","Noites","Fóra de Galicia",2019,"2019",1440989,"1.440.989"
"Ría de Arousa","Noites","Fóra de Galicia",2020,"2020",569616,"569.616"
"Ría de Arousa","Noites","Fóra de Galicia",2021,"2021",1036696,"1.036.696"
"Ría de Arousa","Noites","Fóra de Galicia",2022,"2022",1431365,"1.431.365"
"Ría de Arousa","Noites","Fóra de Galicia",2023,"2023",1488977,"1.488.977"
"Ría de Arousa","Indicador Área","Todas",2011,"2011",2974,"2.974"
"Ría de Arousa","Indicador Área","Todas",2017,"2017",3840,"3.840"
"Ría de Arousa","Indicador Área","Todas",2018,"2018",3535,"3.535"
"Ría de Arousa","Indicador Área","Todas",2019,"2019",3636,"3.636"
"Ría de Arousa","Indicador Área","Todas",2020,"2020",1695,"1.695"
"Ría de Arousa","Indicador Área","Todas",2021,"2021",2870,"2.870"
"Ría de Arousa","Indicador Área","Todas",2022,"2022",3683,"3.683"
"Ría de Arousa","Indicador Área","Todas",2023,"2023",3921,"3.921"
"Ría de Arousa","Indicador Área","Fóra de Galicia",2011,"2011",2081,"2.081"
"Ría de Arousa","Indicador Área","Fóra de Galicia",2017,"2017",2711,"2.711"
"Ría de Arousa","Indicador Área","Fóra de Galicia",2018,"2018",2376,"2.376"
"Ría de Arousa","Indicador Área","Fóra de Galicia",2019,"2019",2525,"2.525"
"Ría de Arousa","Indicador Área","Fóra de Galicia",2020,"2020",998,"998"
"Ría de Arousa","Indicador Área","Fóra de Galicia",2021,"2021",1817,"1.817"
"Ría de Arousa","Indicador Área","Fóra de Galicia",2022,"2022",2508,"2.508"
"Ría de Arousa","Indicador Área","Fóra de Galicia",2023,"2023",2609,"2.609"
"Ría de Arousa","Indicador Costa","Todas",2011,"2011",3432,"3.432"
"Ría de Arousa","Indicador Costa","Todas",2017,"2017",4431,"4.431"
"Ría de Arousa","Indicador Costa","Todas",2018,"2018",4079,"4.079"
"Ría de Arousa","Indicador Costa","Todas",2019,"2019",4196,"4.196"
"Ría de Arousa","Indicador Costa","Todas",2020,"2020",1956,"1.956"
"Ría de Arousa","Indicador Costa","Todas",2021,"2021",3312,"3.312"
"Ría de Arousa","Indicador Costa","Todas",2022,"2022",4249,"4.249"
"Ría de Arousa","Indicador Costa","Todas",2023,"2023",4524,"4.524"
"Ría de Arousa","Indicador Costa","Fóra de Galicia",2011,"2011",2401,"2.401"
"Ría de Arousa","Indicador Costa","Fóra de Galicia",2017,"2017",3128,"3.128"
"Ría de Arousa","Indicador Costa","Fóra de Galicia",2018,"2018",2742,"2.742"
"Ría de Arousa","Indicador Costa","Fóra de Galicia",2019,"2019",2914,"2.914"
"Ría de Arousa","Indicador Costa","Fóra de Galicia",2020,"2020",1152,"1.152"
"Ría de Arousa","Indicador Costa","Fóra de Galicia",2021,"2021",2096,"2.096"
"Ría de Arousa","Indicador Costa","Fóra de Galicia",2022,"2022",2894,"2.894"
"Ría de Arousa","Indicador Costa","Fóra de Galicia",2023,"2023",3011,"3.011"
"Ría de Arousa","Indicador Poboación (1)","Todas",2011,"2011",2.49,"2,49"
"Ría de Arousa","Indicador Poboación (1)","Todas",2017,"2017",3.28,"3,28"
"Ría de Arousa","Indicador Poboación (1)","Todas",2018,"2018",3.02,"3,02"
"Ría de Arousa","Indicador Poboación (1)","Todas",2019,"2019",3.11,"3,11"
"Ría de Arousa","Indicador Poboación (1)","Todas",2020,"2020",1.45,"1,45"
"Ría de Arousa","Indicador Poboación (1)","Todas",2021,"2021",2.45,"2,45"
"Ría de Arousa","Indicador Poboación (1)","Todas",2022,"2022",3.15,"3,15"
"Ría de Arousa","Indicador Poboación (1)","Todas",2023,"2023",3.35,"3,35"
"Ría de Arousa","Indicador Poboación (1)","Fóra de Galicia",2011,"2011",1.74,"1,74"
"Ría de Arousa","Indicador Poboación (1)","Fóra de Galicia",2017,"2017",2.31,"2,31"
"Ría de Arousa","Indicador Poboación (1)","Fóra de Galicia",2018,"2018",2.03,"2,03"
"Ría de Arousa","Indicador Poboación (1)","Fóra de Galicia",2019,"2019",2.16,"2,16"
"Ría de Arousa","Indicador Poboación (1)","Fóra de Galicia",2020,"2020",0.85,"0,85"
"Ría de Arousa","Indicador Poboación (1)","Fóra de Galicia",2021,"2021",1.55,"1,55"
"Ría de Arousa","Indicador Poboación (1)","Fóra de Galicia",2022,"2022",2.14,"2,14"
"Ría de Arousa","Indicador Poboación (1)","Fóra de Galicia",2023,"2023",2.23,"2,23"
"Ría de Arousa","Indicador Poboación (2)","Todas",2011,"2011",9.08,"9,08"
"Ría de Arousa","Indicador Poboación (2)","Todas",2017,"2017",11.96,"11,96"
"Ría de Arousa","Indicador Poboación (2)","Todas",2018,"2018",11.03,"11,03"
"Ría de Arousa","Indicador Poboación (2)","Todas",2019,"2019",11.36,"11,36"
"Ría de Arousa","Indicador Poboación (2)","Todas",2020,"2020",5.29,"5,29"
"Ría de Arousa","Indicador Poboación (2)","Todas",2021,"2021",8.96,"8,96"
"Ría de Arousa","Indicador Poboación (2)","Todas",2022,"2022",11.49,"11,49"
"Ría de Arousa","Indicador Poboación (2)","Todas",2023,"2023",12.24,"12,24"
"Ría de Arousa","Indicador Poboación (2)","Fóra de Galicia",2011,"2011",6.35,"6,35"
"Ría de Arousa","Indicador Poboación (2)","Fóra de Galicia",2017,"2017",8.44,"8,44"
"Ría de Arousa","Indicador Poboación (2)","Fóra de Galicia",2018,"2018",7.42,"7,42"
"Ría de Arousa","Indicador Poboación (2)","Fóra de Galicia",2019,"2019",7.89,"7,89"
"Ría de Arousa","Indicador Poboación (2)","Fóra de Galicia",2020,"2020",3.12,"3,12"
"Ría de Arousa","Indicador Poboación (2)","Fóra de Galicia",2021,"2021",5.67,"5,67"
"Ría de Arousa","Indicador Poboación (2)","Fóra de Galicia",2022,"2022",7.83,"7,83"
"Ría de Arousa","Indicador Poboación (2)","Fóra de Galicia",2023,"2023",8.15,"8,15"
"Ría de Arousa","Indicador Estacional (1)","Todas",2011,"2011",53.6,"53,6"
"Ría de Arousa","Indicador Estacional (1)","Todas",2017,"2017",44.4,"44,4"
"Ría de Arousa","Indicador Estacional (1)","Todas",2018,"2018",54.7,"54,7"
"Ría de Arousa","Indicador Estacional (1)","Todas",2019,"2019",53.9,"53,9"
"Ría de Arousa","Indicador Estacional (1)","Todas",2020,"2020",73.5,"73,5"
"Ría de Arousa","Indicador Estacional (1)","Todas",2021,"2021",63.6,"63,6"
"Ría de Arousa","Indicador Estacional (1)","Todas",2022,"2022",55.3,"55,3"
"Ría de Arousa","Indicador Estacional (1)","Todas",2023,"2023",48.3,"48,3"
"Ría de Arousa","Indicador Estacional (1)","Fóra de Galicia",2011,"2011",49.3,"49,3"
"Ría de Arousa","Indicador Estacional (1)","Fóra de Galicia",2017,"2017",52.9,"52,9"
"Ría de Arousa","Indicador Estacional (1)","Fóra de Galicia",2018,"2018",61.4,"61,4"
"Ría de Arousa","Indicador Estacional (1)","Fóra de Galicia",2019,"2019",51.2,"51,2"
"Ría de Arousa","Indicador Estacional (1)","Fóra de Galicia",2020,"2020",73.1,"73,1"
"Ría de Arousa","Indicador Estacional (1)","Fóra de Galicia",2021,"2021",64.1,"64,1"
"Ría de Arousa","Indicador Estacional (1)","Fóra de Galicia",2022,"2022",51.5,"51,5"
"Ría de Arousa","Indicador Estacional (1)","Fóra de Galicia",2023,"2023",53.9,"53,9"
"Ría de Arousa","Indicador Estacional (2)","Todas",2011,"2011",,"-"
"Ría de Arousa","Indicador Estacional (2)","Todas",2017,"2017",-11.6,"-11,6"
"Ría de Arousa","Indicador Estacional (2)","Todas",2018,"2018",14.0,"14,0"
"Ría de Arousa","Indicador Estacional (2)","Todas",2019,"2019",-0.5,"-0,5"
"Ría de Arousa","Indicador Estacional (2)","Todas",2020,"2020",-1.2,"-1,2"
"Ría de Arousa","Indicador Estacional (2)","Todas",2021,"2021",-9.9,"-9,9"
"Ría de Arousa","Indicador Estacional (2)","Todas",2022,"2022",-8.3,"-8,3"
"Ría de Arousa","Indicador Estacional (2)","Todas",2023,"2023",-15.3,"-15,3"
"Ría de Arousa","Indicador Estacional (2)","Fóra de Galicia",2011,"2011",,"-"
"Ría de Arousa","Indicador Estacional (2)","Fóra de Galicia",2017,"2017",-1.1,"-1,1"
"Ría de Arousa","Indicador Estacional (2)","Fóra de Galicia",2018,"2018",8.1,"8,1"
"Ría de Arousa","Indicador Estacional (2)","Fóra de Galicia",2019,"2019",37.5,"37,5"
"Ría de Arousa","Indicador Estacional (2)","Fóra de Galicia",2020,"2020",-5.0,"-5,0"
"Ría de Arousa","Indicador Estacional (2)","Fóra de Galicia",2021,"2021",65.3,"65,3"
"Ría de Arousa","Indicador Estacional (2)","Fóra de Galicia",2022,"2022",61.4,"61,4"
"Ría de Arousa","Indicador Estacional (2)","Fóra de Galicia",2023,"2023",63.8,"63,8"
"Ría de Muros e Noia","Noites","Todas",2011,"2011",96409,"96.409"
"Ría de Muros e Noia","Noites","Todas",2017,"2017",118412,"118.412"
"Ría de Muros e Noia","Noites","Todas",2018,"2018",126409,"126.409"
"Ría de Muros e Noia","Noites","Todas",2019,"2019",136210,"136.210"
"Ría de Muros e Noia","Noites","Todas",2020,"2020",88722,"88.722"
"Ría de Muros e Noia","Noites","Todas",2021,"2021",116146,"116.146"
"Ría de Muros e Noia","Noites","Todas",2022,"2022",124430,"124.430"
"Ría de Muros e Noia","Noites","Todas",2023,"2023",139478,"139.478"
"Ría de Muros e Noia","Noites","Fóra de Galicia",2011,"2011",46243,"46.243"
"Ría de Muros e Noia","Noites","Fóra de Galicia",2017,"2017",73230,"73.230"
"Ría de Muros e Noia","Noites","Fóra de Galicia",2018,"2018",80838,"80.838"
"Ría de Muros e Noia","Noites","Fóra de Galicia",2019,"2019",77901,"77.901"
"Ría de Muros e Noia","Noites","Fóra de Galicia",2020,"2020",37119,"37.119"
"Ría de Muros e Noia","Noites","Fóra de Galicia",2021,"2021",41329,"41.329"
"Ría de Muros e Noia","Noites","Fóra de Galicia",2022,"2022",55354,"55.354"
"Ría de Muros e Noia","Noites","Fóra de Galicia",2023,"2023",72554,"72.554"
"Ría de Muros e Noia","Indicador Área","Todas",2011,"2011",313,"313"
"Ría de Muros e Noia","Indicador Área","Todas",2017,"2017",384,"384"
"Ría de Muros e Noia","Indicador Área","Todas",2018,"2018",410,"410"
"Ría de Muros e Noia","Indicador Área","Todas",2019,"2019",442,"442"
"Ría de Muros e Noia","Indicador Área","Todas",2020,"2020",288,"288"
"Ría de Muros e Noia","Indicador Área","Todas",2021,"2021",377,"377"
"Ría de Muros e Noia","Indicador Área","Todas",2022,"2022",404,"404"
"Ría de Muros e Noia","Indicador Área","Todas",2023,"2023",453,"453"
"Ría de Muros e Noia","Indicador Área","Fóra de Galicia",2011,"2011",150,"150"
"Ría de Muros e Noia","Indicador Área","Fóra de Galicia",2017,"2017",238,"238"
"Ría de Muros e Noia","Indicador Área","Fóra de Galicia",2018,"2018",262,"262"
"Ría de Muros e Noia","Indicador Área","Fóra de Galicia",2019,"2019",253,"253"
"Ría de Muros e Noia","Indicador Área","Fóra de Galicia",2020,"2020",121,"121"
"Ría de Muros e Noia","Indicador Área","Fóra de Galicia",2021,"2021",134,"134"
"Ría de Muros e Noia","Indicador Área","Fóra de Galicia",2022,"2022",180,"180"
"Ría de Muros e Noia","Indicador Área","Fóra de Galicia",2023,"2023",236,"236"
"Ría de Muros e Noia","Indicador Costa","Todas",2011,"2011",673,"673"
"Ría de Muros e Noia","Indicador Costa","Todas",2017,"2017",827,"827"
"Ría de Muros e Noia","Indicador Costa","Todas",2018,"2018",883,"883"
"Ría de Muros e Noia","Indicador Costa","Todas",2019,"2019",952,"952"
"Ría de Muros e Noia","Indicador Costa","Todas",2020,"2020",620,"620"
"Ría de Muros e Noia","Indicador Costa","Todas",2021,"2021",811,"811"
"Ría de Muros e Noia","Indicador Costa","Todas",2022,"2022",869,"869"
"Ría de Muros e Noia","Indicador Costa","Todas",2023,"2023",974,"974"
"Ría de Muros e Noia","Indicador Costa","Fóra de Galicia",2011,"2011",323,"323"
"Ría de Muros e Noia","Indicador Costa","Fóra de Galicia",2017,"2017",512,"512"
"Ría de Muros e Noia","Indicador Costa","Fóra de Galicia",2018,"2018",565,"565"
"Ría de Muros e Noia","Indicador Costa","Fóra de Galicia",2019,"2019",544,"544"
"Ría de Muros e Noia","Indicador Costa","Fóra de Galicia",2020,"2020",259,"259"
"Ría de Muros e Noia","Indicador Costa","Fóra de Galicia",2021,"2021",289,"289"
"Ría de Muros e Noia","Indicador Costa","Fóra de Galicia",2022,"2022",387,"387"
"Ría de Muros e Noia","Indicador Costa","Fóra de Galicia",2023,"2023",507,"507"
"Ría de Muros e Noia","Indicador Poboación (1)","Todas",2011,"2011",0.65,"0,65"
"Ría de Muros e Noia","Indicador Poboación (1)","Todas",2017,"2017",0.84,"0,84"
"Ría de Muros e Noia","Indicador Poboación (1)","Todas",2018,"2018",0.90,"0,90"
"Ría de Muros e Noia","Indicador Poboación (1)","Todas",2019,"2019",0.98,"0,98"
"Ría de Muros e Noia","Indicador Poboación (1)","Todas",2020,"2020",0.64,"0,64"
"Ría de Muros e Noia","Indicador Poboación (1)","Todas",2021,"2021",0.84,"0,84"
"Ría de Muros e Noia","Indicador Poboación (1)","Todas",2022,"2022",0.91,"0,91"
"Ría de Muros e Noia","Indicador Poboación (1)","Todas",2023,"2023",1.02,"1,02"
"Ría de Muros e Noia","Indicador Poboación (1)","Fóra de Galicia",2011,"2011",0.31,"0,31"
"Ría de Muros e Noia","Indicador Poboación (1)","Fóra de Galicia",2017,"2017",0.52,"0,52"
"Ría de Muros e Noia","Indicador Poboación (1)","Fóra de Galicia",2018,"2018",0.58,"0,58"
"Ría de Muros e Noia","Indicador Poboación (1)","Fóra de Galicia",2019,"2019",0.56,"0,56"
"Ría de Muros e Noia","Indicador Poboación (1)","Fóra de Galicia",2020,"2020",0.27,"0,27"
"Ría de Muros e Noia","Indicador Poboación (1)","Fóra de Galicia",2021,"2021",0.30,"0,30"
"Ría de Muros e Noia","Indicador Poboación (1)","Fóra de Galicia",2022,"2022",0.41,"0,41"
"Ría de Muros e Noia","Indicador Poboación (1)","Fóra de Galicia",2023,"2023",0.53,"0,53"
"Ría de Muros e Noia","Indicador Poboación (2)","Todas",2011,"2011",2.36,"2,36"
"Ría de Muros e Noia","Indicador Poboación (2)","Todas",2017,"2017",3.06,"3,06"
"Ría de Muros e Noia","Indicador Poboación (2)","Todas",2018,"2018",3.29,"3,29"
"Ría de Muros e Noia","Indicador Poboación (2)","Todas",2019,"2019",3.57,"3,57"
"Ría de Muros e Noia","Indicador Poboación (2)","Todas",2020,"2020",2.35,"2,35"
"Ría de Muros e Noia","Indicador Poboación (2)","Todas",2021,"2021",3.07,"3,07"
"Ría de Muros e Noia","Indicador Poboación (2)","Todas",2022,"2022",3.33,"3,33"
"Ría de Muros e Noia","Indicador Poboación (2)","Todas",2023,"2023",3.74,"3,74"
"Ría de Muros e Noia","Indicador Poboación (2)","Fóra de Galicia",2011,"2011",1.13,"1,13"
"Ría de Muros e Noia","Indicador Poboación (2)","Fóra de Galicia",2017,"2017",1.89,"1,89"
"Ría de Muros e Noia","Indicador Poboación (2)","Fóra de Galicia",2018,"2018",2.10,"2,10"
"Ría de Muros e Noia","Indicador Poboación (2)","Fóra de Galicia",2019,"2019",2.04,"2,04"
"Ría de Muros e Noia","Indicador Poboación (2)","Fóra de Galicia",2020,"2020",0.98,"0,98"
"Ría de Muros e Noia","Indicador Poboación (2)","Fóra de Galicia",2021,"2021",1.09,"1,09"
"Ría de Muros e Noia","Indicador Poboación (2)","Fóra de Galicia",2022,"2022",1.48,"1,48"
"Ría de Muros e Noia","Indicador Poboación (2)","Fóra de Galicia",2023,"2023",1.94,"1,94"
"Ría de Muros e Noia","Indicador Estacional (1)","Todas",2011,"2011",67.1,"67,1"
"Ría de Muros e Noia","Indicador Estacional (1)","Todas",2017,"2017",41.0,"41,0"
"Ría de Muros e Noia","Indicador Estacional (1)","Todas",2018,"2018",64.1,"64,1"
"Ría de Muros e Noia","Indicador Estacional (1)","Todas",2019,"2019",61.6,"61,6"
"Ría de Muros e Noia","Indicador Estacional (1)","Todas",2020,"2020",78.7,"78,7"
"Ría de Muros e Noia","Indicador Estacional (1)","Todas",2021,"2021",75.3,"75,3"
"Ría de Muros e Noia","Indicador Estacional (1)","Todas",2022,"2022",75.5,"75,5"
"Ría de Muros e Noia","Indicador Estacional (1)","Todas",2023,"2023",54.2,"54,2"
"Ría de Muros e Noia","Indicador Estacional (1)","Fóra de Galicia",2011,"2011",71.3,"71,3"
"Ría de Muros e Noia","Indicador Estacional (1)","Fóra de Galicia",2017,"2017",59.4,"59,4"
"Ría de Muros e Noia","Indicador Estacional (1)","Fóra de Galicia",2018,"2018",64.3,"64,3"
"Ría de Muros e Noia","Indicador Estacional (1)","Fóra de Galicia",2019,"2019",57.8,"57,8"
"Ría de Muros e Noia","Indicador Estacional (1)","Fóra de Galicia",2020,"2020",79.9,"79,9"
"Ría de Muros e Noia","Indicador Estacional (1)","Fóra de Galicia",2021,"2021",80.2,"80,2"
"Ría de Muros e Noia","Indicador Estacional (1)","Fóra de Galicia",2022,"2022",74.5,"74,5"
"Ría de Muros e Noia","Indicador Estacional (1)","Fóra de Galicia",2023,"2023",69.2,"69,2"
"Ría de Muros e Noia","Indicador Estacional (2)","Todas",2011,"2011",,"-"
"Ría de Muros e Noia","Indicador Estacional (2)","Todas",2017,"2017",-18.4,"-18,4"
"Ría de Muros e Noia","Indicador Estacional (2)","Todas",2018,"2018",29.0,"29,0"
"Ría de Muros e Noia","Indicador Estacional (2)","Todas",2019,"2019",-0.8,"-0,8"
"Ría de Muros e Noia","Indicador Estacional (2)","Todas",2020,"2020",0.2,"0,2"
"Ría de Muros e Noia","Indicador Estacional (2)","Todas",2021,"2021",-3.4,"-3,4"
"Ría de Muros e Noia","Indicador Estacional (2)","Todas",2022,"2022",0.2,"0,2"
"Ría de Muros e Noia","Indicador Estacional (2)","Todas",2023,"2023",-21.1,"-21,1"
"Ría de Muros e Noia","Indicador Estacional (2)","Fóra de Galicia",2011,"2011",,"-"
"Ría de Muros e Noia","Indicador Estacional (2)","Fóra de Galicia",2017,"2017",3.0,"3,0"
"Ría de Muros e Noia","Indicador Estacional (2)","Fóra de Galicia",2018,"2018",2.9,"2,9"
"Ría de Muros e Noia","Indicador Estacional (2)","Fóra de Galicia",2019,"2019",30.5,"30,5"
"Ría de Muros e Noia","Indicador Estacional (2)","Fóra de Galicia",2020,"2020",-4.4,"-4,4"
"Ría de Muros e Noia","Indicador Estacional (2)","Fóra de Galicia",2021,"2021",80.0,"80,0"
"Ría de Muros e Noia","Indicador Estacional (2)","Fóra de Galicia",2022,"2022",77.9,"77,9"
"Ría de Muros e Noia","Indicador Estacional (2)","Fóra de Galicia",2023,"2023",72.6,"72,6"
"Ría de Vigo e Baixo Miño","Noites","Todas",2011,"2011",981035,"981.035"
"Ría de Vigo e Baixo Miño","Noites","Todas",2017,"2017",1272194,"1.272.194"
"Ría de Vigo e Baixo Miño","Noites","Todas",2018,"2018",1275201,"1.275.201"
"Ría de Vigo e Baixo Miño","Noites","Todas",2019,"2019",1342719,"1.342.719"
"Ría de Vigo e Baixo Miño","Noites","Todas",2020,"2020",694322,"694.322"
"Ría de Vigo e Baixo Miño","Noites","Todas",2021,"2021",1122679,"1.122.679"
"Ría de Vigo e Baixo Miño","Noites","Todas",2022,"2022",1568266,"1.568.266"
"Ría de Vigo e Baixo Miño","Noites","Todas",2023,"2023",1651212,"1.651.212"
"Ría de Vigo e Baixo Miño","Noites","Fóra de Galicia",2011,"2011",701241,"701.241"
"Ría de Vigo e Baixo Miño","Noites","Fóra de Galicia",2017,"2017",957595,"957.595"
"Ría de Vigo e Baixo Miño","Noites","Fóra de Galicia",2018,"2018",931739,"931.739"
"Ría de Vigo e Baixo Miño","Noites","Fóra de Galicia",2019,"2019",1040887,"1.040.887"
"Ría de Vigo e Baixo Miño","Noites","Fóra de Galicia",2020,"2020",442012,"442.012"
"Ría de Vigo e Baixo Miño","Noites","Fóra de Galicia",2021,"2021",768072,"768.072"
"Ría de Vigo e Baixo Miño","Noites","Fóra de Galicia",2022,"2022",1122025,"1.122.025"
"Ría de Vigo e Baixo Miño","Noites","Fóra de Galicia",2023,"2023",1146470,"1.146.470"
"Ría de Vigo e Baixo Miño","Indicador Área","Todas",2011,"2011",1673,"1.673"
"Ría de Vigo e Baixo Miño","Indicador Área","Todas",2017,"2017",2170,"2.170"
"Ría de Vigo e Baixo Miño","Indicador Área","Todas",2018,"2018",2175,"2.175"
"Ría de Vigo e Baixo Miño","Indicador Área","Todas",2019,"2019",2290,"2.290"
"Ría de Vigo e Baixo Miño","Indicador Área","Todas",2020,"2020",1184,"1.184"
"Ría de Vigo e Baixo Miño","Indicador Área","Todas",2021,"2021",1915,"1.915"
"Ría de Vigo e Baixo Miño","Indicador Área","Todas",2022,"2022",2675,"2.675"
"Ría de Vigo e Baixo Miño","Indicador Área","Todas",2023,"2023",2817,"2.817"
"Ría de Vigo e Baixo Miño","Indicador Área","Fóra de Galicia",2011,"2011",1196,"1.196"
"Ría de Vigo e Baixo Miño","Indicador Área","Fóra de Galicia",2017,"2017",1633,"1.633"
"Ría de Vigo e Baixo Miño","Indicador Área","Fóra de Galicia",2018,"2018",1589,"1.589"
"Ría de Vigo e Baixo Miño","Indicador Área","Fóra de Galicia",2019,"2019",1776,"1.776"
"Ría de Vigo e Baixo Miño","Indicador Área","Fóra de Galicia",2020,"2020",754,"754"
"Ría de Vigo e Baixo Miño","Indicador Área","Fóra de Galicia",2021,"2021",1310,"1.310"
"Ría de Vigo e Baixo Miño","Indicador Área","Fóra de Galicia",2022,"2022",1914,"1.914"
"Ría de Vigo e Baixo Miño","Indicador Área","Fóra de Galicia",2023,"2023",1956,"1.956"
"Ría de Vigo e Baixo Miño","Indicador Costa","Todas",2011,"2011",3517,"3.517"
"Ría de Vigo e Baixo Miño","Indicador Costa","Todas",2017,"2017",4560,"4.560"
"Ría de Vigo e Baixo Miño","Indicador Costa","Todas",2018,"2018",4571,"4.571"
"Ría de Vigo e Baixo Miño","Indicador Costa","Todas",2019,"2019",4813,"4.813"
"Ría de Vigo e Baixo Miño","Indicador Costa","Todas",2020,"2020",2489,"2.489"
"Ría de Vigo e Baixo Miño","Indicador Costa","Todas",2021,"2021",4024,"4.024"
"Ría de Vigo e Baixo Miño","Indicador Costa","Todas",2022,"2022",5622,"5.622"
"Ría de Vigo e Baixo Miño","Indicador Costa","Todas",2023,"2023",5919,"5.919"
"Ría de Vigo e Baixo Miño","Indicador Costa","Fóra de Galicia",2011,"2011",2514,"2.514"
"Ría de Vigo e Baixo Miño","Indicador Costa","Fóra de Galicia",2017,"2017",3433,"3.433"
"Ría de Vigo e Baixo Miño","Indicador Costa","Fóra de Galicia",2018,"2018",3340,"3.340"
"Ría de Vigo e Baixo Miño","Indicador Costa","Fóra de Galicia",2019,"2019",3731,"3.731"
"Ría de Vigo e Baixo Miño","Indicador Costa","Fóra de Galicia",2020,"2020",1584,"1.584"
"Ría de Vigo e Baixo Miño","Indicador Costa","Fóra de Galicia",2021,"2021",2753,"2.753"
"Ría de Vigo e Baixo Miño","Indicador Costa","Fóra de Galicia",2022,"2022",4022,"4.022"
"Ría de Vigo e Baixo Miño","Indicador Costa","Fóra de Galicia",2023,"2023",4110,"4.110"
"Ría de Vigo e Baixo Miño","Indicador Poboación (1)","Todas",2011,"2011",0.66,"0,66"
"Ría de Vigo e Baixo Miño","Indicador Poboación (1)","Todas",2017,"2017",0.87,"0,87"
"Ría de Vigo e Baixo Miño","Indicador Poboación (1)","Todas",2018,"2018",0.87,"0,87"
"Ría de Vigo e Baixo Miño","Indicador Poboación (1)","Todas",2019,"2019",0.92,"0,92"
"Ría de Vigo e Baixo Miño","Indicador Poboación (1)","Todas",2020,"2020",0.47,"0,47"
"Ría de Vigo e Baixo Miño","Indicador Poboación (1)","Todas",2021,"2021",0.77,"0,77"
"Ría de Vigo e Baixo Miño","Indicador Poboación (1)","Todas",2022,"2022",1.05,"1,05"
"Ría de Vigo e Baixo Miño","Indicador Poboación (1)","Todas",2023,"2023",1.10,"1,10"
"Ría de Vigo e Baixo Miño","Indicador Poboación (1)","Fóra de Galicia",2011,"2011",0.47,"0,47"
"Ría de Vigo e Baixo Miño","Indicador Poboación (1)","Fóra de Galicia",2017,"2017",0.65,"0,65"
"Ría de Vigo e Baixo Miño","Indicador Poboación (1)","Fóra de Galicia",2018,"2018",0.64,"0,64"
"Ría de Vigo e Baixo Miño","Indicador Poboación (1)","Fóra de Galicia",2019,"2019",0.71,"0,71"
"Ría de Vigo e Baixo Miño","Indicador Poboación (1)","Fóra de Galicia",2020,"2020",0.30,"0,30"
"Ría de Vigo e Baixo Miño","Indicador Poboación (1)","Fóra de Galicia",2021,"2021",0.52,"0,52"
"Ría de Vigo e Baixo Miño","Indicador Poboación (1)","Fóra de Galicia",2022,"2022",0.75,"0,75"
"Ría de Vigo e Baixo Miño","Indicador Poboación (1)","Fóra de Galicia",2023,"2023",0.76,"0,76"
"Ría de Vigo e Baixo Miño","Indicador Poboación (2)","Todas",2011,"2011",2.42,"2,42"
"Ría de Vigo e Baixo Miño","Indicador Poboación (2)","Todas",2017,"2017",3.17,"3,17"
"Ría de Vigo e Baixo Miño","Indicador Poboación (2)","Todas",2018,"2018",3.19,"3,19"
"Ría de Vigo e Baixo Miño","Indicador Poboación (2)","Todas",2019,"2019",3.34,"3,34"
"Ría de Vigo e Baixo Miño","Indicador Poboación (2)","Todas",2020,"2020",1.73,"1,73"
"Ría de Vigo e Baixo Miño","Indicador Poboación (2)","Todas",2021,"2021",2.79,"2,79"
"Ría de Vigo e Baixo Miño","Indicador Poboación (2)","Todas",2022,"2022",3.82,"3,82"
"Ría de Vigo e Baixo Miño","Indicador Poboación (2)","Todas",2023,"2023",4.01,"4,01"
"Ría de Vigo e Baixo Miño","Indicador Poboación (2)","Fóra de Galicia",2011,"2011",1.73,"1,73"
"Ría de Vigo e Baixo Miño","Indicador Poboación (2)","Fóra de Galicia",2017,"2017",2.39,"2,39"
"Ría de Vigo e Baixo Miño","Indicador Poboación (2)","Fóra de Galicia",2018,"2018",2.33,"2,33"
"Ría de Vigo e Baixo Miño","Indicador Poboación (2)","Fóra de Galicia",2019,"2019",2.59,"2,59"
"Ría de Vigo e Baixo Miño","Indicador Poboación (2)","Fóra de Galicia",2020,"2020",1.10,"1,10"
"Ría de Vigo e Baixo Miño","Indicador Poboación (2)","Fóra de Galicia",2021,"2021",1.91,"1,91"
"Ría de Vigo e Baixo Miño","Indicador Poboación (2)","Fóra de Galicia",2022,"2022",2.73,"2,73"
"Ría de Vigo e Baixo Miño","Indicador Poboación (2)","Fóra de Galicia",2023,"2023",2.79,"2,79"
"Ría de Vigo e Baixo Miño","Indicador Estacional (1)","Todas",2011,"2011",36.2,"36,2"
"Ría de Vigo e Baixo Miño","Indicador Estacional (1)","Todas",2017,"2017",30.1,"30,1"
"Ría de Vigo e Baixo Miño","Indicador Estacional (1)","Todas",2018,"2018",34.5,"34,5"
"Ría de Vigo e Baixo Miño","Indicador Estacional (1)","Todas",2019,"2019",33.9,"33,9"
"Ría de Vigo e Baixo Miño","Indicador Estacional (1)","Todas",2020,"2020",46.0,"46,0"
"Ría de Vigo e Baixo Miño","Indicador Estacional (1)","Todas",2021,"2021",41.1,"41,1"
"Ría de Vigo e Baixo Miño","Indicador Estacional (1)","Todas",2022,"2022",32.6,"32,6"
"Ría de Vigo e Baixo Miño","Indicador Estacional (1)","Todas",2023,"2023",27.0,"27,0"
"Ría de Vigo e Baixo Miño","Indicador Estacional (1)","Fóra de Galicia",2011,"2011",38.2,"38,2"
"Ría de Vigo e Baixo Miño","Indicador Estacional (1)","Fóra de Galicia",2017,"2017",36.7,"36,7"
"Ría de Vigo e Baixo Miño","Indicador Estacional (1)","Fóra de Galicia",2018,"2018",41.6,"41,6"
"Ría de Vigo e Baixo Miño","Indicador Estacional (1)","Fóra de Galicia",2019,"2019",34.9,"34,9"
"Ría de Vigo e Baixo Miño","Indicador Estacional (1)","Fóra de Galicia",2020,"2020",50.7,"50,7"
"Ría de Vigo e Baixo Miño","Indicador Estacional (1)","Fóra de Galicia",2021,"2021",45.1,"45,1"
"Ría de Vigo e Baixo Miño","Indicador Estacional (1)","Fóra de Galicia",2022,"2022",34.6,"34,6"
"Ría de Vigo e Baixo Miño","Indicador Estacional (1)","Fóra de Galicia",2023,"2023",32.9,"32,9"
"Ría de Vigo e Baixo Miño","Indicador Estacional (2)","Todas",2011,"2011",,"-"
"Ría de Vigo e Baixo Miño","Indicador Estacional (2)","Todas",2017,"2017",-9.1,"-9,1"
"Ría de Vigo e Baixo Miño","Indicador Estacional (2)","Todas",2018,"2018",6.7,"6,7"
"Ría de Vigo e Baixo Miño","Indicador Estacional (2)","Todas",2019,"2019",0.0,"0,0"
"Ría de Vigo e Baixo Miño","Indicador Estacional (2)","Todas",2020,"2020",-1.1,"-1,1"
"Ría de Vigo e Baixo Miño","Indicador Estacional (2)","Todas",2021,"2021",-4.9,"-4,9"
"Ría de Vigo e Baixo Miño","Indicador Estacional (2)","Todas",2022,"2022",-8.5,"-8,5"
"Ría de Vigo e Baixo Miño","Indicador Estacional (2)","Todas",2023,"2023",-14.1,"-14,1"
"Ría de Vigo e Baixo Miño","Indicador Estacional (2)","Fóra de Galicia",2011,"2011",,"-"
"Ría de Vigo e Baixo Miño","Indicador Estacional (2)","Fóra de Galicia",2017,"2017",-3.7,"-3,7"
"Ría de Vigo e Baixo Miño","Indicador Estacional (2)","Fóra de Galicia",2018,"2018",5.2,"5,2"
"Ría de Vigo e Baixo Miño","Indicador Estacional (2)","Fóra de Galicia",2019,"2019",28.8,"28,8"
"Ría de Vigo e Baixo Miño","Indicador Estacional (2)","Fóra de Galicia",2020,"2020",-2.7,"-2,7"
"Ría de Vigo e Baixo Miño","Indicador Estacional (2)","Fóra de Galicia",2021,"2021",46.2,"46,2"
"Ría de Vigo e Baixo Miño","Indicador Estacional (2)","Fóra de Galicia",2022,"2022",39.5,"39,5"
"Ría de Vigo e Baixo Miño","Indicador Estacional (2)","Fóra de Galicia",2023,"2023",37.8,"37,8"
"Ría e Terras de Pontevedra","Noites","Todas",2011,"2011",517769,"517.769"
"Ría e Terras de Pontevedra","Noites","Todas",2017,"2017",509332,"509.332"
"Ría e Terras de Pontevedra","Noites","Todas",2018,"2018",522812,"522.812"
"Ría e Terras de Pontevedra","Noites","Todas",2019,"2019",563071,"563.071"
"Ría e Terras de Pontevedra","Noites","Todas",2020,"2020",283763,"283.763"
"Ría e Terras de Pontevedra","Noites","Todas",2021,"2021",446869,"446.869"
"Ría e Terras de Pontevedra","Noites","Todas",2022,"2022",521228,"521.228"
"Ría e Terras de Pontevedra","Noites","Todas",2023,"2023",538945,"538.945"
"Ría e Terras de Pontevedra","Noites","Fóra de Galicia",2011,"2011",317459,"317.459"
"Ría e Terras de Pontevedra","Noites","Fóra de Galicia",2017,"2017",343424,"343.424"
"Ría e Terras de Pontevedra","Noites","Fóra de Galicia",2018,"2018",357934,"357.934"
"Ría e Terras de Pontevedra","Noites","Fóra de Galicia",2019,"2019",375035,"375.035"
"Ría e Terras de Pontevedra","Noites","Fóra de Galicia",2020,"2020",171025,"171.025"
"Ría e Terras de Pontevedra","Noites","Fóra de Galicia",2021,"2021",298822,"298.822"
"Ría e Terras de Pontevedra","Noites","Fóra de Galicia",2022,"2022",354283,"354.283"
"Ría e Terras de Pontevedra","Noites","Fóra de Galicia",2023,"2023",386783,"386.783"
"Ría e Terras de Pontevedra","Indicador Área","Todas",2011,"2011",1575,"1.575"
"Ría e Terras de Pontevedra","Indicador Área","Todas",2017,"2017",1549,"1.549"
"Ría e Terras de Pontevedra","Indicador Área","Todas",2018,"2018",1590,"1.590"
"Ría e Terras de Pontevedra","Indicador Área","Todas",2019,"2019",1712,"1.712"
"Ría e Terras de Pontevedra","Indicador Área","Todas",2020,"2020",863,"863"
"Ría e Terras de Pontevedra","Indicador Área","Todas",2021,"2021",1359,"1.359"
"Ría e Terras de Pontevedra","Indicador Área","Todas",2022,"2022",1585,"1.585"
"Ría e Terras de Pontevedra","Indicador Área","Todas",2023,"2023",1639,"1.639"
"Ría e Terras de Pontevedra","Indicador Área","Fóra de Galicia",2011,"2011",965,"965"
"Ría e Terras de Pontevedra","Indicador Área","Fóra de Galicia",2017,"2017",1044,"1.044"
"Ría e Terras de Pontevedra","Indicador Área","Fóra de Galicia",2018,"2018",1089,"1.089"
"Ría e Terras de Pontevedra","Indicador Área","Fóra de Galicia",2019,"2019",1141,"1.141"
"Ría e Terras de Pontevedra","Indicador Área","Fóra de Galicia",2020,"2020",520,"520"
"Ría e Terras de Pontevedra","Indicador Área","Fóra de Galicia",2021,"2021",909,"909"
"Ría e Terras de Pontevedra","Indicador Área","Fóra de Galicia",2022,"2022",1077,"1.077"
"Ría e Terras de Pontevedra","Indicador Área","Fóra de Galicia",2023,"2023",1176,"1.176"
"Ría e Terras de Pontevedra","Indicador Costa","Todas",2011,"2011",2488,"2.488"
"Ría e Terras de Pontevedra","Indicador Costa","Todas",2017,"2017",2447,"2.447"
"Ría e Terras de Pontevedra","Indicador Costa","Todas",2018,"2018",2512,"2.512"
"Ría e Terras de Pontevedra","Indicador Costa","Todas",2019,"2019",2706,"2.706"
"Ría e Terras de Pontevedra","Indicador Costa","Todas",2020,"2020",1363,"1.363"
"Ría e Terras de Pontevedra","Indicador Costa","Todas",2021,"2021",2147,"2.147"
"Ría e Terras de Pontevedra","Indicador Costa","Todas",2022,"2022",2505,"2.505"
"Ría e Terras de Pontevedra","Indicador Costa","Todas",2023,"2023",2590,"2.590"
"Ría e Terras de Pontevedra","Indicador Costa","Fóra de Galicia",2011,"2011",1525,"1.525"
"Ría e Terras de Pontevedra","Indicador Costa","Fóra de Galicia",2017,"2017",1650,"1.650"
"Ría e Terras de Pontevedra","Indicador Costa","Fóra de Galicia",2018,"2018",1720,"1.720"
"Ría e Terras de Pontevedra","Indicador Costa","Fóra de Galicia",2019,"2019",1802,"1.802"
"Ría e Terras de Pontevedra","Indicador Costa","Fóra de Galicia",2020,"2020",822,"822"
"Ría e Terras de Pontevedra","Indicador Costa","Fóra de Galicia",2021,"2021",1436,"1.436"
"Ría e Terras de Pontevedra","Indicador Costa","Fóra de Galicia",2022,"2022",1702,"1.702"
"Ría e Terras de Pontevedra","Indicador Costa","Fóra de Galicia",2023,"2023",1859,"1.859"
"Ría e Terras de Pontevedra","Indicador Poboación (1)","Todas",2011,"2011",0.77,"0,77"
"Ría e Terras de Pontevedra","Indicador Poboación (1)","Todas",2017,"2017",0.75,"0,75"
"Ría e Terras de Pontevedra","Indicador Poboación (1)","Todas",2018,"2018",0.77,"0,77"
"Ría e Terras de Pontevedra","Indicador Poboación (1)","Todas",2019,"2019",0.83,"0,83"
"Ría e Terras de Pontevedra","Indicador Poboación (1)","Todas",2020,"2020",0.42,"0,42"
"Ría e Terras de Pontevedra","Indicador Poboación (1)","Todas",2021,"2021",0.65,"0,65"
"Ría e Terras de Pontevedra","Indicador Poboación (1)","Todas",2022,"2022",0.76,"0,76"
"Ría e Terras de Pontevedra","Indicador Poboación (1)","Todas",2023,"2023",0.78,"0,78"
"Ría e Terras de Pontevedra","Indicador Poboación (1)","Fóra de Galicia",2011,"2011",0.47,"0,47"
"Ría e Terras de Pontevedra","Indicador Poboación (1)","Fóra de Galicia",2017,"2017",0.51,"0,51"
"Ría e Terras de Pontevedra","Indicador Poboación (1)","Fóra de Galicia",2018,"2018",0.53,"0,53"
"Ría e Terras de Pontevedra","Indicador Poboación (1)","Fóra de Galicia",2019,"2019",0.55,"0,55"
"Ría e Terras de Pontevedra","Indicador Poboación (1)","Fóra de Galicia",2020,"2020",0.25,"0,25"
"Ría e Terras de Pontevedra","Indicador Poboación (1)","Fóra de Galicia",2021,"2021",0.44,"0,44"
"Ría e Terras de Pontevedra","Indicador Poboación (1)","Fóra de Galicia",2022,"2022",0.52,"0,52"
"Ría e Terras de Pontevedra","Indicador Poboación (1)","Fóra de Galicia",2023,"2023",0.56,"0,56"
"Ría e Terras de Pontevedra","Indicador Poboación (2)","Todas",2011,"2011",2.79,"2,79"
"Ría e Terras de Pontevedra","Indicador Poboación (2)","Todas",2017,"2017",2.74,"2,74"
"Ría e Terras de Pontevedra","Indicador Poboación (2)","Todas",2018,"2018",2.81,"2,81"
"Ría e Terras de Pontevedra","Indicador Poboación (2)","Todas",2019,"2019",3.02,"3,02"
"Ría e Terras de Pontevedra","Indicador Poboación (2)","Todas",2020,"2020",1.52,"1,52"
"Ría e Terras de Pontevedra","Indicador Poboación (2)","Todas",2021,"2021",2.39,"2,39"
"Ría e Terras de Pontevedra","Indicador Poboación (2)","Todas",2022,"2022",2.77,"2,77"
"Ría e Terras de Pontevedra","Indicador Poboación (2)","Todas",2023,"2023",2.87,"2,87"
"Ría e Terras de Pontevedra","Indicador Poboación (2)","Fóra de Galicia",2011,"2011",1.71,"1,71"
"Ría e Terras de Pontevedra","Indicador Poboación (2)","Fóra de Galicia",2017,"2017",1.85,"1,85"
"Ría e Terras de Pontevedra","Indicador Poboación (2)","Fóra de Galicia",2018,"2018",1.92,"1,92"
"Ría e Terras de Pontevedra","Indicador Poboación (2)","Fóra de Galicia",2019,"2019",2.01,"2,01"
"Ría e Terras de Pontevedra","Indicador Poboación (2)","Fóra de Galicia",2020,"2020",0.92,"0,92"
"Ría e Terras de Pontevedra","Indicador Poboación (2)","Fóra de Galicia",2021,"2021",1.60,"1,60"
"Ría e Terras de Pontevedra","Indicador Poboación (2)","Fóra de Galicia",2022,"2022",1.88,"1,88"
"Ría e Terras de Pontevedra","Indicador Poboación (2)","Fóra de Galicia",2023,"2023",2.06,"2,06"
"Ría e Terras de Pontevedra","Indicador Estacional (1)","Todas",2011,"2011",43.1,"43,1"
"Ría e Terras de Pontevedra","Indicador Estacional (1)","Todas",2017,"2017",35.8,"35,8"
"Ría e Terras de Pontevedra","Indicador Estacional (1)","Todas",2018,"2018",41.6,"41,6"
"Ría e Terras de Pontevedra","Indicador Estacional (1)","Todas",2019,"2019",40.3,"40,3"
"Ría e Terras de Pontevedra","Indicador Estacional (1)","Todas",2020,"2020",62.4,"62,4"
"Ría e Terras de Pontevedra","Indicador Estacional (1)","Todas",2021,"2021",51.0,"51,0"
"Ría e Terras de Pontevedra","Indicador Estacional (1)","Todas",2022,"2022",42.5,"42,5"
"Ría e Terras de Pontevedra","Indicador Estacional (1)","Todas",2023,"2023",40.7,"40,7"
"Ría e Terras de Pontevedra","Indicador Estacional (1)","Fóra de Galicia",2011,"2011",44.7,"44,7"
"Ría e Terras de Pontevedra","Indicador Estacional (1)","Fóra de Galicia",2017,"2017",44.3,"44,3"
"Ría e Terras de Pontevedra","Indicador Estacional (1)","Fóra de Galicia",2018,"2018",48.1,"48,1"
"Ría e Terras de Pontevedra","Indicador Estacional (1)","Fóra de Galicia",2019,"2019",41.4,"41,4"
"Ría e Terras de Pontevedra","Indicador Estacional (1)","Fóra de Galicia",2020,"2020",61.0,"61,0"
"Ría e Terras de Pontevedra","Indicador Estacional (1)","Fóra de Galicia",2021,"2021",52.5,"52,5"
"Ría e Terras de Pontevedra","Indicador Estacional (1)","Fóra de Galicia",2022,"2022",41.5,"41,5"
"Ría e Terras de Pontevedra","Indicador Estacional (1)","Fóra de Galicia",2023,"2023",43.4,"43,4"
"Ría e Terras de Pontevedra","Indicador Estacional (2)","Todas",2011,"2011",,"-"
"Ría e Terras de Pontevedra","Indicador Estacional (2)","Todas",2017,"2017",-8.3,"-8,3"
"Ría e Terras de Pontevedra","Indicador Estacional (2)","Todas",2018,"2018",9.0,"9,0"
"Ría e Terras de Pontevedra","Indicador Estacional (2)","Todas",2019,"2019",0.1,"0,1"
"Ría e Terras de Pontevedra","Indicador Estacional (2)","Todas",2020,"2020",0.1,"0,1"
"Ría e Terras de Pontevedra","Indicador Estacional (2)","Todas",2021,"2021",-11.4,"-11,4"
"Ría e Terras de Pontevedra","Indicador Estacional (2)","Todas",2022,"2022",-8.5,"-8,5"
"Ría e Terras de Pontevedra","Indicador Estacional (2)","Todas",2023,"2023",-10.3,"-10,3"
"Ría e Terras de Pontevedra","Indicador Estacional (2)","Fóra de Galicia",2011,"2011",,"-"
"Ría e Terras de Pontevedra","Indicador Estacional (2)","Fóra de Galicia",2017,"2017",-1.2,"-1,2"
"Ría e Terras de Pontevedra","Indicador Estacional (2)","Fóra de Galicia",2018,"2018",5.4,"5,4"
"Ría e Terras de Pontevedra","Indicador Estacional (2)","Fóra de Galicia",2019,"2019",33.8,"33,8"
"Ría e Terras de Pontevedra","Indicador Estacional (2)","Fóra de Galicia",2020,"2020",-3.3,"-3,3"
"Ría e Terras de Pontevedra","Indicador Estacional (2)","Fóra de Galicia",2021,"2021",52.4,"52,4"
"Ría e Terras de Pontevedra","Indicador Estacional (2)","Fóra de Galicia",2022,"2022",52.9,"52,9"
"Ría e Terras de Pontevedra","Indicador Estacional (2)","Fóra de Galicia",2023,"2023",54.8,"54,8"
